user_id,genre,score,ts
d28708a363b58062087293f779256fffa38fdd56c1f79d5e2855dfaa7a04f4e6,avant-garde,0.0037100800543988,1666364078.7642045
d28708a363b58062087293f779256fffa38fdd56c1f79d5e2855dfaa7a04f4e6,blues,0.0011757969476112,1666364078.764311
d28708a363b58062087293f779256fffa38fdd56c1f79d5e2855dfaa7a04f4e6,classical,0.0006155256270032,1666364078.7643418
d28708a363b58062087293f779256fffa38fdd56c1f79d5e2855dfaa7a04f4e6,country,0.0006569169571443,1666364078.7643712
d28708a363b58062087293f779256fffa38fdd56c1f79d5e2855dfaa7a04f4e6,electronic,0.0005971784679863,1666364078.7643974
d28708a363b58062087293f779256fffa38fdd56c1f79d5e2855dfaa7a04f4e6,folk,0.0015445310857365,1666364078.764423
d28708a363b58062087293f779256fffa38fdd56c1f79d5e2855dfaa7a04f4e6,jazz,0.0247020623277702,1666364078.7644477
d28708a363b58062087293f779256fffa38fdd56c1f79d5e2855dfaa7a04f4e6,latin,0.0005294440058681,1666364078.7644734
d28708a363b58062087293f779256fffa38fdd56c1f79d5e2855dfaa7a04f4e6,new-age,0.0020699745869451,1666364078.7644975
d28708a363b58062087293f779256fffa38fdd56c1f79d5e2855dfaa7a04f4e6,pop-rock,0.0031687062651214,1666364078.76452
d28708a363b58062087293f779256fffa38fdd56c1f79d5e2855dfaa7a04f4e6,rap,0.0003769552360226,1666364078.7645462
d28708a363b58062087293f779256fffa38fdd56c1f79d5e2855dfaa7a04f4e6,reggae,0.0001246904690538,1666364078.7645712
d28708a363b58062087293f779256fffa38fdd56c1f79d5e2855dfaa7a04f4e6,rnb,0.0028050345314891,1666364078.7645962
12f2e84ef897c8e32d9919871acbe861b4ac4b5ef261170a1a05b05518b6974b,avant-garde,0.0011985302050547,1666491182.0582454
12f2e84ef897c8e32d9919871acbe861b4ac4b5ef261170a1a05b05518b6974b,blues,0.0008830383879835,1666491182.0583918
12f2e84ef897c8e32d9919871acbe861b4ac4b5ef261170a1a05b05518b6974b,classical,0.0002333861086317,1666491182.0584416
12f2e84ef897c8e32d9919871acbe861b4ac4b5ef261170a1a05b05518b6974b,country,0.0008197115558432,1666491182.0584896
12f2e84ef897c8e32d9919871acbe861b4ac4b5ef261170a1a05b05518b6974b,electronic,0.001828211272194,1666491182.058532
12f2e84ef897c8e32d9919871acbe861b4ac4b5ef261170a1a05b05518b6974b,folk,0.0016944029457463,1666491182.0585728
12f2e84ef897c8e32d9919871acbe861b4ac4b5ef261170a1a05b05518b6974b,jazz,0.0009942868501664,1666491182.0586145
12f2e84ef897c8e32d9919871acbe861b4ac4b5ef261170a1a05b05518b6974b,latin,0.0090453333024495,1666491182.0586555
12f2e84ef897c8e32d9919871acbe861b4ac4b5ef261170a1a05b05518b6974b,new-age,0.0009223969143657,1666491182.0586967
12f2e84ef897c8e32d9919871acbe861b4ac4b5ef261170a1a05b05518b6974b,pop-rock,0.0036648848679958,1666491182.0587363
12f2e84ef897c8e32d9919871acbe861b4ac4b5ef261170a1a05b05518b6974b,rap,0.0039474007469808,1666491182.05878
12f2e84ef897c8e32d9919871acbe861b4ac4b5ef261170a1a05b05518b6974b,reggae,0.0003446250423475,1666491182.0588217
12f2e84ef897c8e32d9919871acbe861b4ac4b5ef261170a1a05b05518b6974b,rnb,0.0042576484059761,1666491182.0589166
1dbfdf95b6c701b8852fd90799cc45ddba10435d8e9e15af0109fbdd80bb8a85,avant-garde,0.0021198686893605,1666679150.0322056
1dbfdf95b6c701b8852fd90799cc45ddba10435d8e9e15af0109fbdd80bb8a85,blues,0.0011716261748614,1666679150.032357
1dbfdf95b6c701b8852fd90799cc45ddba10435d8e9e15af0109fbdd80bb8a85,classical,0.0003467505955466,1666679150.0324094
1dbfdf95b6c701b8852fd90799cc45ddba10435d8e9e15af0109fbdd80bb8a85,country,0.0014750232418836,1666679150.0324583
1dbfdf95b6c701b8852fd90799cc45ddba10435d8e9e15af0109fbdd80bb8a85,electronic,0.0023546577590487,1666679150.0325022
1dbfdf95b6c701b8852fd90799cc45ddba10435d8e9e15af0109fbdd80bb8a85,folk,0.0030143256476352,1666679150.032545
1dbfdf95b6c701b8852fd90799cc45ddba10435d8e9e15af0109fbdd80bb8a85,jazz,0.0009423284543767,1666679150.0325887
1dbfdf95b6c701b8852fd90799cc45ddba10435d8e9e15af0109fbdd80bb8a85,latin,0.0037656425096052,1666679150.0326307
1dbfdf95b6c701b8852fd90799cc45ddba10435d8e9e15af0109fbdd80bb8a85,new-age,0.0014785134107431,1666679150.0326736
1dbfdf95b6c701b8852fd90799cc45ddba10435d8e9e15af0109fbdd80bb8a85,pop-rock,0.0072616376614118,1666679150.0327127
1dbfdf95b6c701b8852fd90799cc45ddba10435d8e9e15af0109fbdd80bb8a85,rap,0.0034321829396039,1666679150.032757
1dbfdf95b6c701b8852fd90799cc45ddba10435d8e9e15af0109fbdd80bb8a85,reggae,0.0004579117043457,1666679150.0328
1dbfdf95b6c701b8852fd90799cc45ddba10435d8e9e15af0109fbdd80bb8a85,rnb,0.0028068726327903,1666679150.0328443
c90398ac27b0f7ed99d1265d9af1ea5080ed6854110c7d765a3f493faf376931,avant-garde,0.0050180986751033,1667156369.4723215
c90398ac27b0f7ed99d1265d9af1ea5080ed6854110c7d765a3f493faf376931,blues,0.0003385713858222,1667156369.4724278
c90398ac27b0f7ed99d1265d9af1ea5080ed6854110c7d765a3f493faf376931,classical,0.0183853347269119,1667156369.4724588
c90398ac27b0f7ed99d1265d9af1ea5080ed6854110c7d765a3f493faf376931,country,0.0008311656683771,1667156369.4724872
c90398ac27b0f7ed99d1265d9af1ea5080ed6854110c7d765a3f493faf376931,electronic,0.0004917910694693,1667156369.4725125
c90398ac27b0f7ed99d1265d9af1ea5080ed6854110c7d765a3f493faf376931,folk,0.0008986348448816,1667156369.4725444
c90398ac27b0f7ed99d1265d9af1ea5080ed6854110c7d765a3f493faf376931,jazz,0.0009476866727529,1667156369.4725692
c90398ac27b0f7ed99d1265d9af1ea5080ed6854110c7d765a3f493faf376931,latin,0.0001903091130535,1667156369.4725945
c90398ac27b0f7ed99d1265d9af1ea5080ed6854110c7d765a3f493faf376931,new-age,0.0013820605826047,1667156369.4726188
c90398ac27b0f7ed99d1265d9af1ea5080ed6854110c7d765a3f493faf376931,pop-rock,0.0015420180393304,1667156369.4726424
c90398ac27b0f7ed99d1265d9af1ea5080ed6854110c7d765a3f493faf376931,rap,0.0001629334283846,1667156369.4726665
c90398ac27b0f7ed99d1265d9af1ea5080ed6854110c7d765a3f493faf376931,reggae,5.83822884407e-05,1667156369.47269
c90398ac27b0f7ed99d1265d9af1ea5080ed6854110c7d765a3f493faf376931,rnb,0.0005150835251922,1667156369.472714
e974cba2faff9330e385a7e3d952bc8c64518a73cfd18e79dc149051e879daa7,avant-garde,0.0007217429383907,1667396991.4250789
e974cba2faff9330e385a7e3d952bc8c64518a73cfd18e79dc149051e879daa7,blues,0.0008656548672865,1667396991.4251883
e974cba2faff9330e385a7e3d952bc8c64518a73cfd18e79dc149051e879daa7,classical,0.0001631819476378,1667396991.4252193
e974cba2faff9330e385a7e3d952bc8c64518a73cfd18e79dc149051e879daa7,country,0.0010538855431628,1667396991.4252472
e974cba2faff9330e385a7e3d952bc8c64518a73cfd18e79dc149051e879daa7,electronic,0.0008284884718807,1667396991.4252734
e974cba2faff9330e385a7e3d952bc8c64518a73cfd18e79dc149051e879daa7,folk,0.0022065749291203,1667396991.425299
e974cba2faff9330e385a7e3d952bc8c64518a73cfd18e79dc149051e879daa7,jazz,0.000645350085445,1667396991.4253244
e974cba2faff9330e385a7e3d952bc8c64518a73cfd18e79dc149051e879daa7,latin,0.0017282190986158,1667396991.4253504
e974cba2faff9330e385a7e3d952bc8c64518a73cfd18e79dc149051e879daa7,new-age,0.0111730129858086,1667396991.4253747
e974cba2faff9330e385a7e3d952bc8c64518a73cfd18e79dc149051e879daa7,pop-rock,0.0041837054049924,1667396991.425398
e974cba2faff9330e385a7e3d952bc8c64518a73cfd18e79dc149051e879daa7,rap,0.001073800185593,1667396991.4254224
e974cba2faff9330e385a7e3d952bc8c64518a73cfd18e79dc149051e879daa7,reggae,0.0001517468636406,1667396991.4254465
e974cba2faff9330e385a7e3d952bc8c64518a73cfd18e79dc149051e879daa7,rnb,0.0015660542886056,1667396991.4254696
9fec2a16349e7b43e89f69d17c563b5a03773019f57de10aa6c362de26598b71,avant-garde,0.0018504824930308,1667484246.0021863
9fec2a16349e7b43e89f69d17c563b5a03773019f57de10aa6c362de26598b71,blues,0.0014590881651245,1667484246.0023017
9fec2a16349e7b43e89f69d17c563b5a03773019f57de10aa6c362de26598b71,classical,0.0003417350830176,1667484246.0023327
9fec2a16349e7b43e89f69d17c563b5a03773019f57de10aa6c362de26598b71,country,0.0016976675630437,1667484246.0023613
9fec2a16349e7b43e89f69d17c563b5a03773019f57de10aa6c362de26598b71,electronic,0.0036931169697829,1667484246.002387
9fec2a16349e7b43e89f69d17c563b5a03773019f57de10aa6c362de26598b71,folk,0.0035062322202634,1667484246.0024233
9fec2a16349e7b43e89f69d17c563b5a03773019f57de10aa6c362de26598b71,jazz,0.0009571540354293,1667484246.0024655
9fec2a16349e7b43e89f69d17c563b5a03773019f57de10aa6c362de26598b71,latin,0.0022439529018682,1667484246.0025058
9fec2a16349e7b43e89f69d17c563b5a03773019f57de10aa6c362de26598b71,new-age,0.0013184715663865,1667484246.0025437
9fec2a16349e7b43e89f69d17c563b5a03773019f57de10aa6c362de26598b71,pop-rock,0.0077912863303736,1667484246.0025804
9fec2a16349e7b43e89f69d17c563b5a03773019f57de10aa6c362de26598b71,rap,0.001709275029428,1667484246.002619
9fec2a16349e7b43e89f69d17c563b5a03773019f57de10aa6c362de26598b71,reggae,0.0004549721131697,1667484246.0026567
9fec2a16349e7b43e89f69d17c563b5a03773019f57de10aa6c362de26598b71,rnb,0.0025215173412443,1667484246.0026927
ad8a524f8b5e73c5603526c03fc108cf4c97080f5a4b7634056e9713b6ef769f,avant-garde,0.0012658222519608,1667486061.9821012
ad8a524f8b5e73c5603526c03fc108cf4c97080f5a4b7634056e9713b6ef769f,blues,0.000948050192082,1667486061.9822786
ad8a524f8b5e73c5603526c03fc108cf4c97080f5a4b7634056e9713b6ef769f,classical,0.0002584554566957,1667486061.982348
ad8a524f8b5e73c5603526c03fc108cf4c97080f5a4b7634056e9713b6ef769f,country,0.0010126544600017,1667486061.9824514
ad8a524f8b5e73c5603526c03fc108cf4c97080f5a4b7634056e9713b6ef769f,electronic,0.0023715084732916,1667486061.982514
ad8a524f8b5e73c5603526c03fc108cf4c97080f5a4b7634056e9713b6ef769f,folk,0.0020531723836661,1667486061.9825609
ad8a524f8b5e73c5603526c03fc108cf4c97080f5a4b7634056e9713b6ef769f,jazz,0.0008193575762227,1667486061.9826062
ad8a524f8b5e73c5603526c03fc108cf4c97080f5a4b7634056e9713b6ef769f,latin,0.0059548224966279,1667486061.9826548
ad8a524f8b5e73c5603526c03fc108cf4c97080f5a4b7634056e9713b6ef769f,new-age,0.0009129952662101,1667486061.9826992
ad8a524f8b5e73c5603526c03fc108cf4c97080f5a4b7634056e9713b6ef769f,pop-rock,0.0045367280172092,1667486061.9827433
ad8a524f8b5e73c5603526c03fc108cf4c97080f5a4b7634056e9713b6ef769f,rap,0.0051480469249301,1667486061.9827912
ad8a524f8b5e73c5603526c03fc108cf4c97080f5a4b7634056e9713b6ef769f,reggae,0.0004382988361088,1667486061.9828494
ad8a524f8b5e73c5603526c03fc108cf4c97080f5a4b7634056e9713b6ef769f,rnb,0.0039321145021364,1667486061.9828956
7f92924d9e2e65158d5bed40f24e9e54c01d4d68fbf1a5e8c4e942024209aeaf,avant-garde,0.0009734385280805,1667486265.4377885
7f92924d9e2e65158d5bed40f24e9e54c01d4d68fbf1a5e8c4e942024209aeaf,blues,0.0006950047175185,1667486265.4379203
7f92924d9e2e65158d5bed40f24e9e54c01d4d68fbf1a5e8c4e942024209aeaf,classical,0.0001933562835486,1667486265.437969
7f92924d9e2e65158d5bed40f24e9e54c01d4d68fbf1a5e8c4e942024209aeaf,country,0.000732771100262,1667486265.4380138
7f92924d9e2e65158d5bed40f24e9e54c01d4d68fbf1a5e8c4e942024209aeaf,electronic,0.0039355940564431,1667486265.4380572
7f92924d9e2e65158d5bed40f24e9e54c01d4d68fbf1a5e8c4e942024209aeaf,folk,0.0015819882418482,1667486265.438099
7f92924d9e2e65158d5bed40f24e9e54c01d4d68fbf1a5e8c4e942024209aeaf,jazz,0.0007535466344561,1667486265.4381416
7f92924d9e2e65158d5bed40f24e9e54c01d4d68fbf1a5e8c4e942024209aeaf,latin,0.0076702575211121,1667486265.4381847
7f92924d9e2e65158d5bed40f24e9e54c01d4d68fbf1a5e8c4e942024209aeaf,new-age,0.0007433053083268,1667486265.4382255
7f92924d9e2e65158d5bed40f24e9e54c01d4d68fbf1a5e8c4e942024209aeaf,pop-rock,0.0029642089305682,1667486265.438265
7f92924d9e2e65158d5bed40f24e9e54c01d4d68fbf1a5e8c4e942024209aeaf,rap,0.0035157590001831,1667486265.4383087
7f92924d9e2e65158d5bed40f24e9e54c01d4d68fbf1a5e8c4e942024209aeaf,reggae,0.0008519888201266,1667486265.4383488
7f92924d9e2e65158d5bed40f24e9e54c01d4d68fbf1a5e8c4e942024209aeaf,rnb,0.0032109056597707,1667486265.438388
5f9887b16e729ad26bad3c2b4ee9ef27dd1aa975cde4be4c82343dfc72f98027,avant-garde,0.0018411824455011,1667498394.832702
5f9887b16e729ad26bad3c2b4ee9ef27dd1aa975cde4be4c82343dfc72f98027,blues,0.001594976004852,1667498394.8327992
5f9887b16e729ad26bad3c2b4ee9ef27dd1aa975cde4be4c82343dfc72f98027,classical,0.0003465058202301,1667498394.8328304
5f9887b16e729ad26bad3c2b4ee9ef27dd1aa975cde4be4c82343dfc72f98027,country,0.0018988517654869,1667498394.8328583
5f9887b16e729ad26bad3c2b4ee9ef27dd1aa975cde4be4c82343dfc72f98027,electronic,0.0026722218322691,1667498394.8328848
5f9887b16e729ad26bad3c2b4ee9ef27dd1aa975cde4be4c82343dfc72f98027,folk,0.0040935710421949,1667498394.832909
5f9887b16e729ad26bad3c2b4ee9ef27dd1aa975cde4be4c82343dfc72f98027,jazz,0.0009537568273284,1667498394.832934
5f9887b16e729ad26bad3c2b4ee9ef27dd1aa975cde4be4c82343dfc72f98027,latin,0.0027352195406783,1667498394.8329594
5f9887b16e729ad26bad3c2b4ee9ef27dd1aa975cde4be4c82343dfc72f98027,new-age,0.0013785621389366,1667498394.8329847
5f9887b16e729ad26bad3c2b4ee9ef27dd1aa975cde4be4c82343dfc72f98027,pop-rock,0.0094402885359144,1667498394.833009
5f9887b16e729ad26bad3c2b4ee9ef27dd1aa975cde4be4c82343dfc72f98027,rap,0.0015679606735902,1667498394.8330357
5f9887b16e729ad26bad3c2b4ee9ef27dd1aa975cde4be4c82343dfc72f98027,reggae,0.0006680812081294,1667498394.8330595
5f9887b16e729ad26bad3c2b4ee9ef27dd1aa975cde4be4c82343dfc72f98027,rnb,0.0023638204992488,1667498394.833084
d8581c0b6444ce0db8aada1e44c7f812ff35bbc1eb90531d6989850befb652a5,avant-garde,0.0007216758133498,1667810419.6609244
d8581c0b6444ce0db8aada1e44c7f812ff35bbc1eb90531d6989850befb652a5,blues,0.000582204491432,1667810419.6610315
d8581c0b6444ce0db8aada1e44c7f812ff35bbc1eb90531d6989850befb652a5,classical,0.0001305881801797,1667810419.661064
d8581c0b6444ce0db8aada1e44c7f812ff35bbc1eb90531d6989850befb652a5,country,0.0006650570642531,1667810419.6610937
d8581c0b6444ce0db8aada1e44c7f812ff35bbc1eb90531d6989850befb652a5,electronic,0.0014546235328965,1667810419.6611197
d8581c0b6444ce0db8aada1e44c7f812ff35bbc1eb90531d6989850befb652a5,folk,0.0013506689108201,1667810419.6611457
d8581c0b6444ce0db8aada1e44c7f812ff35bbc1eb90531d6989850befb652a5,jazz,0.000990977862943,1667810419.6611712
d8581c0b6444ce0db8aada1e44c7f812ff35bbc1eb90531d6989850befb652a5,latin,0.0160568037356759,1667810419.6611974
d8581c0b6444ce0db8aada1e44c7f812ff35bbc1eb90531d6989850befb652a5,new-age,0.0007441642321439,1667810419.6612327
d8581c0b6444ce0db8aada1e44c7f812ff35bbc1eb90531d6989850befb652a5,pop-rock,0.0028409106564381,1667810419.661268
d8581c0b6444ce0db8aada1e44c7f812ff35bbc1eb90531d6989850befb652a5,rap,0.002041689522197,1667810419.6612968
d8581c0b6444ce0db8aada1e44c7f812ff35bbc1eb90531d6989850befb652a5,reggae,0.0003486735865786,1667810419.6613228
d8581c0b6444ce0db8aada1e44c7f812ff35bbc1eb90531d6989850befb652a5,rnb,0.0022570339145798,1667810419.6613462
021232e9130550d1df9cebb0b1691d55bd271a1ec04b1e7d4749e9e7ef5d6e19,avant-garde,0.0008661509935717,1667812782.0409117
021232e9130550d1df9cebb0b1691d55bd271a1ec04b1e7d4749e9e7ef5d6e19,blues,0.0006836032718758,1667812782.0410028
021232e9130550d1df9cebb0b1691d55bd271a1ec04b1e7d4749e9e7ef5d6e19,classical,0.0001689774580573,1667812782.0410345
021232e9130550d1df9cebb0b1691d55bd271a1ec04b1e7d4749e9e7ef5d6e19,country,0.0006723821223736,1667812782.0410638
021232e9130550d1df9cebb0b1691d55bd271a1ec04b1e7d4749e9e7ef5d6e19,electronic,0.0023285056254516,1667812782.0410905
021232e9130550d1df9cebb0b1691d55bd271a1ec04b1e7d4749e9e7ef5d6e19,folk,0.001289510898512,1667812782.0411153
021232e9130550d1df9cebb0b1691d55bd271a1ec04b1e7d4749e9e7ef5d6e19,jazz,0.0007055431260768,1667812782.0411396
021232e9130550d1df9cebb0b1691d55bd271a1ec04b1e7d4749e9e7ef5d6e19,latin,0.010516938363093,1667812782.041165
021232e9130550d1df9cebb0b1691d55bd271a1ec04b1e7d4749e9e7ef5d6e19,new-age,0.0006342237889415,1667812782.0411882
021232e9130550d1df9cebb0b1691d55bd271a1ec04b1e7d4749e9e7ef5d6e19,pop-rock,0.0025771294749265,1667812782.041212
021232e9130550d1df9cebb0b1691d55bd271a1ec04b1e7d4749e9e7ef5d6e19,rap,0.0044770894239274,1667812782.041236
021232e9130550d1df9cebb0b1691d55bd271a1ec04b1e7d4749e9e7ef5d6e19,reggae,0.0004355976969575,1667812782.041259
021232e9130550d1df9cebb0b1691d55bd271a1ec04b1e7d4749e9e7ef5d6e19,rnb,0.0041972928761127,1667812782.0412817
37bdc88983cb977b5730a3b21fbc46dd03800ec8008688b2ecf27bcb480b6c97,avant-garde,0.0005934723407858,1667852543.5790305
37bdc88983cb977b5730a3b21fbc46dd03800ec8008688b2ecf27bcb480b6c97,blues,0.0004817469004768,1667852543.5791392
37bdc88983cb977b5730a3b21fbc46dd03800ec8008688b2ecf27bcb480b6c97,classical,0.000129082793253,1667852543.5791695
37bdc88983cb977b5730a3b21fbc46dd03800ec8008688b2ecf27bcb480b6c97,country,0.0004792931513256,1667852543.5791972
37bdc88983cb977b5730a3b21fbc46dd03800ec8008688b2ecf27bcb480b6c97,electronic,0.0016409839482169,1667852543.5792215
37bdc88983cb977b5730a3b21fbc46dd03800ec8008688b2ecf27bcb480b6c97,folk,0.0009977559996907,1667852543.579246
37bdc88983cb977b5730a3b21fbc46dd03800ec8008688b2ecf27bcb480b6c97,jazz,0.0006221672808905,1667852543.57927
37bdc88983cb977b5730a3b21fbc46dd03800ec8008688b2ecf27bcb480b6c97,latin,0.017951929180644,1667852543.5792947
37bdc88983cb977b5730a3b21fbc46dd03800ec8008688b2ecf27bcb480b6c97,new-age,0.0006799447975307,1667852543.5793183
37bdc88983cb977b5730a3b21fbc46dd03800ec8008688b2ecf27bcb480b6c97,pop-rock,0.002139782289701,1667852543.5793407
37bdc88983cb977b5730a3b21fbc46dd03800ec8008688b2ecf27bcb480b6c97,rap,0.0018281660992088,1667852543.579366
37bdc88983cb977b5730a3b21fbc46dd03800ec8008688b2ecf27bcb480b6c97,reggae,0.0003529988622836,1667852543.579389
37bdc88983cb977b5730a3b21fbc46dd03800ec8008688b2ecf27bcb480b6c97,rnb,0.0018343037222911,1667852543.5794127
f6c551606140a1e0216eb1e63d631817555eeabec5e35c0f819be3010b782a22,avant-garde,0.0014662207858304,1667933755.9187994
f6c551606140a1e0216eb1e63d631817555eeabec5e35c0f819be3010b782a22,blues,0.0012591827429484,1667933755.9189048
f6c551606140a1e0216eb1e63d631817555eeabec5e35c0f819be3010b782a22,classical,0.0002335783873455,1667933755.9189334
f6c551606140a1e0216eb1e63d631817555eeabec5e35c0f819be3010b782a22,country,0.0011450550060715,1667933755.9189582
f6c551606140a1e0216eb1e63d631817555eeabec5e35c0f819be3010b782a22,electronic,0.0019135629182232,1667933755.9189804
f6c551606140a1e0216eb1e63d631817555eeabec5e35c0f819be3010b782a22,folk,0.0024186453301038,1667933755.919002
f6c551606140a1e0216eb1e63d631817555eeabec5e35c0f819be3010b782a22,jazz,0.0009499863950539,1667933755.919023
f6c551606140a1e0216eb1e63d631817555eeabec5e35c0f819be3010b782a22,latin,0.0020598108827674,1667933755.919046
f6c551606140a1e0216eb1e63d631817555eeabec5e35c0f819be3010b782a22,new-age,0.0010379064954988,1667933755.919068
f6c551606140a1e0216eb1e63d631817555eeabec5e35c0f819be3010b782a22,pop-rock,0.0055846535861827,1667933755.9190888
f6c551606140a1e0216eb1e63d631817555eeabec5e35c0f819be3010b782a22,rap,0.0106226821742941,1667933755.9191103
f6c551606140a1e0216eb1e63d631817555eeabec5e35c0f819be3010b782a22,reggae,0.0004581696385579,1667933755.9191325
f6c551606140a1e0216eb1e63d631817555eeabec5e35c0f819be3010b782a22,rnb,0.003496539439874,1667933755.919153
68967aea50c1f43a44854744204b4d3961360f6ae749735d7350f71d3db46210,avant-garde,0.0018149509471866,1667934319.06389
68967aea50c1f43a44854744204b4d3961360f6ae749735d7350f71d3db46210,blues,0.0013686309033273,1667934319.0640345
68967aea50c1f43a44854744204b4d3961360f6ae749735d7350f71d3db46210,classical,0.0002902161610571,1667934319.0640805
68967aea50c1f43a44854744204b4d3961360f6ae749735d7350f71d3db46210,country,0.0012192443584604,1667934319.0641243
68967aea50c1f43a44854744204b4d3961360f6ae749735d7350f71d3db46210,electronic,0.0022635468463427,1667934319.0641613
68967aea50c1f43a44854744204b4d3961360f6ae749735d7350f71d3db46210,folk,0.0025917621960733,1667934319.064197
68967aea50c1f43a44854744204b4d3961360f6ae749735d7350f71d3db46210,jazz,0.0009585521575279,1667934319.0642326
68967aea50c1f43a44854744204b4d3961360f6ae749735d7350f71d3db46210,latin,0.0018094907305894,1667934319.0642688
68967aea50c1f43a44854744204b4d3961360f6ae749735d7350f71d3db46210,new-age,0.0012304491983664,1667934319.064307
68967aea50c1f43a44854744204b4d3961360f6ae749735d7350f71d3db46210,pop-rock,0.0069111252915183,1667934319.064352
68967aea50c1f43a44854744204b4d3961360f6ae749735d7350f71d3db46210,rap,0.0096548405584913,1667934319.0643864
68967aea50c1f43a44854744204b4d3961360f6ae749735d7350f71d3db46210,reggae,0.0004097652080131,1667934319.064421
68967aea50c1f43a44854744204b4d3961360f6ae749735d7350f71d3db46210,rnb,0.0032082901603,1667934319.0644548
03012804e855e985ad7e4d7d03eef3e3625afebc2a4b6bfe7c8460b3b3e608b5,avant-garde,0.00245108742014,1667935217.2947595
03012804e855e985ad7e4d7d03eef3e3625afebc2a4b6bfe7c8460b3b3e608b5,blues,0.0017633458722078,1667935217.2948613
03012804e855e985ad7e4d7d03eef3e3625afebc2a4b6bfe7c8460b3b3e608b5,classical,0.0004867929754068,1667935217.2948916
03012804e855e985ad7e4d7d03eef3e3625afebc2a4b6bfe7c8460b3b3e608b5,country,0.0017335365344996,1667935217.2949378
03012804e855e985ad7e4d7d03eef3e3625afebc2a4b6bfe7c8460b3b3e608b5,electronic,0.0011118397195149,1667935217.2949626
03012804e855e985ad7e4d7d03eef3e3625afebc2a4b6bfe7c8460b3b3e608b5,folk,0.0037425787818481,1667935217.2949867
03012804e855e985ad7e4d7d03eef3e3625afebc2a4b6bfe7c8460b3b3e608b5,jazz,0.0011659152529477,1667935217.2950106
03012804e855e985ad7e4d7d03eef3e3625afebc2a4b6bfe7c8460b3b3e608b5,latin,0.0008910669142659,1667935217.295036
03012804e855e985ad7e4d7d03eef3e3625afebc2a4b6bfe7c8460b3b3e608b5,new-age,0.0015718981350465,1667935217.2950602
03012804e855e985ad7e4d7d03eef3e3625afebc2a4b6bfe7c8460b3b3e608b5,pop-rock,0.0111302916743112,1667935217.295082
03012804e855e985ad7e4d7d03eef3e3625afebc2a4b6bfe7c8460b3b3e608b5,rap,0.0007000357492608,1667935217.2951076
03012804e855e985ad7e4d7d03eef3e3625afebc2a4b6bfe7c8460b3b3e608b5,reggae,0.0009083723069471,1667935217.295131
03012804e855e985ad7e4d7d03eef3e3625afebc2a4b6bfe7c8460b3b3e608b5,rnb,0.0016800025611395,1667935217.2951534
437748f030622a20c00beca48f3b9e4192cf918fa8d27737274ef3d15c19689e,avant-garde,0.0026572299093233,1667939168.4479544
437748f030622a20c00beca48f3b9e4192cf918fa8d27737274ef3d15c19689e,blues,0.0029847629190516,1667939168.4480698
437748f030622a20c00beca48f3b9e4192cf918fa8d27737274ef3d15c19689e,classical,0.0005418471011248,1667939168.4480994
437748f030622a20c00beca48f3b9e4192cf918fa8d27737274ef3d15c19689e,country,0.0018842712564951,1667939168.4481275
437748f030622a20c00beca48f3b9e4192cf918fa8d27737274ef3d15c19689e,electronic,0.0037109540529813,1667939168.4481535
437748f030622a20c00beca48f3b9e4192cf918fa8d27737274ef3d15c19689e,folk,0.0042018770444129,1667939168.4481766
437748f030622a20c00beca48f3b9e4192cf918fa8d27737274ef3d15c19689e,jazz,0.002690076030998,1667939168.4482
437748f030622a20c00beca48f3b9e4192cf918fa8d27737274ef3d15c19689e,latin,0.0006940330293717,1667939168.4482248
437748f030622a20c00beca48f3b9e4192cf918fa8d27737274ef3d15c19689e,new-age,0.0019180702322684,1667939168.448247
437748f030622a20c00beca48f3b9e4192cf918fa8d27737274ef3d15c19689e,pop-rock,0.0086196586131799,1667939168.4482677
437748f030622a20c00beca48f3b9e4192cf918fa8d27737274ef3d15c19689e,rap,0.0011928452927081,1667939168.4482918
437748f030622a20c00beca48f3b9e4192cf918fa8d27737274ef3d15c19689e,reggae,0.0006169140221485,1667939168.4483144
437748f030622a20c00beca48f3b9e4192cf918fa8d27737274ef3d15c19689e,rnb,0.0032924511755345,1667939168.448336
68eafc018c4d94711f051a4f6279a5b35943a0b554c50f95e7c28d29fe63a52b,avant-garde,0.0018233057962967,1667939685.8637433
68eafc018c4d94711f051a4f6279a5b35943a0b554c50f95e7c28d29fe63a52b,blues,0.0009976768933441,1667939685.8638573
68eafc018c4d94711f051a4f6279a5b35943a0b554c50f95e7c28d29fe63a52b,classical,0.000214190724248,1667939685.863903
68eafc018c4d94711f051a4f6279a5b35943a0b554c50f95e7c28d29fe63a52b,country,0.0011684100700607,1667939685.8639452
68eafc018c4d94711f051a4f6279a5b35943a0b554c50f95e7c28d29fe63a52b,electronic,0.0010378667863101,1667939685.8639846
68eafc018c4d94711f051a4f6279a5b35943a0b554c50f95e7c28d29fe63a52b,folk,0.0024946916814182,1667939685.8640494
68eafc018c4d94711f051a4f6279a5b35943a0b554c50f95e7c28d29fe63a52b,jazz,0.0007119470575455,1667939685.8640902
68eafc018c4d94711f051a4f6279a5b35943a0b554c50f95e7c28d29fe63a52b,latin,0.0010143011405046,1667939685.864132
68eafc018c4d94711f051a4f6279a5b35943a0b554c50f95e7c28d29fe63a52b,new-age,0.0013232182481098,1667939685.8641725
68eafc018c4d94711f051a4f6279a5b35943a0b554c50f95e7c28d29fe63a52b,pop-rock,0.0080827711665847,1667939685.8642094
68eafc018c4d94711f051a4f6279a5b35943a0b554c50f95e7c28d29fe63a52b,rap,0.0007584232374534,1667939685.8642497
68eafc018c4d94711f051a4f6279a5b35943a0b554c50f95e7c28d29fe63a52b,reggae,0.0041951820068711,1667939685.864288
68eafc018c4d94711f051a4f6279a5b35943a0b554c50f95e7c28d29fe63a52b,rnb,0.0013058439094538,1667939685.8643255
2bb0ee284a363087af376ab18de6ab111ef232f83ab40669fda80e5d9f05d662,avant-garde,0.0020256319113905,1667940454.32989
2bb0ee284a363087af376ab18de6ab111ef232f83ab40669fda80e5d9f05d662,blues,0.0011073496730905,1667940454.329984
2bb0ee284a363087af376ab18de6ab111ef232f83ab40669fda80e5d9f05d662,classical,0.0002633128728081,1667940454.3300152
2bb0ee284a363087af376ab18de6ab111ef232f83ab40669fda80e5d9f05d662,country,0.001294254349036,1667940454.3300433
2bb0ee284a363087af376ab18de6ab111ef232f83ab40669fda80e5d9f05d662,electronic,0.0019056012942579,1667940454.330142
2bb0ee284a363087af376ab18de6ab111ef232f83ab40669fda80e5d9f05d662,folk,0.002757663309871,1667940454.3301666
2bb0ee284a363087af376ab18de6ab111ef232f83ab40669fda80e5d9f05d662,jazz,0.0007902334761447,1667940454.330191
2bb0ee284a363087af376ab18de6ab111ef232f83ab40669fda80e5d9f05d662,latin,0.000885987802489,1667940454.3302157
2bb0ee284a363087af376ab18de6ab111ef232f83ab40669fda80e5d9f05d662,new-age,0.0016269121783405,1667940454.3302398
2bb0ee284a363087af376ab18de6ab111ef232f83ab40669fda80e5d9f05d662,pop-rock,0.0080395902794503,1667940454.3302617
2bb0ee284a363087af376ab18de6ab111ef232f83ab40669fda80e5d9f05d662,rap,0.0011101781754497,1667940454.3302877
2bb0ee284a363087af376ab18de6ab111ef232f83ab40669fda80e5d9f05d662,reggae,0.0019688267514478,1667940454.3303115
2bb0ee284a363087af376ab18de6ab111ef232f83ab40669fda80e5d9f05d662,rnb,0.0013609610149431,1667940454.330334
ee3bea3c6700d8f507a6cf69a3e3ec781093ae0d31ec8a956a08e0b026140d4b,avant-garde,0.0016972486724815,1667941134.0042963
ee3bea3c6700d8f507a6cf69a3e3ec781093ae0d31ec8a956a08e0b026140d4b,blues,0.0011120315808293,1667941134.004422
ee3bea3c6700d8f507a6cf69a3e3ec781093ae0d31ec8a956a08e0b026140d4b,classical,0.0002383572513057,1667941134.00447
ee3bea3c6700d8f507a6cf69a3e3ec781093ae0d31ec8a956a08e0b026140d4b,country,0.001405737940704,1667941134.0045135
ee3bea3c6700d8f507a6cf69a3e3ec781093ae0d31ec8a956a08e0b026140d4b,electronic,0.0018255773213349,1667941134.004552
ee3bea3c6700d8f507a6cf69a3e3ec781093ae0d31ec8a956a08e0b026140d4b,folk,0.0025407204587061,1667941134.0045896
ee3bea3c6700d8f507a6cf69a3e3ec781093ae0d31ec8a956a08e0b026140d4b,jazz,0.0008959327519593,1667941134.0046291
ee3bea3c6700d8f507a6cf69a3e3ec781093ae0d31ec8a956a08e0b026140d4b,latin,0.0021585466364646,1667941134.004669
ee3bea3c6700d8f507a6cf69a3e3ec781093ae0d31ec8a956a08e0b026140d4b,new-age,0.0011768555868795,1667941134.0047064
ee3bea3c6700d8f507a6cf69a3e3ec781093ae0d31ec8a956a08e0b026140d4b,pop-rock,0.0073317839647203,1667941134.0047417
ee3bea3c6700d8f507a6cf69a3e3ec781093ae0d31ec8a956a08e0b026140d4b,rap,0.0048401916167034,1667941134.0047815
ee3bea3c6700d8f507a6cf69a3e3ec781093ae0d31ec8a956a08e0b026140d4b,reggae,0.0022643189476886,1667941134.0048194
ee3bea3c6700d8f507a6cf69a3e3ec781093ae0d31ec8a956a08e0b026140d4b,rnb,0.0026502983447864,1667941134.004856
18b94e47fd4580e80f2e7ee753196742f9f99690988b99600d8485bc171e723c,avant-garde,0.0022615386670565,1667951158.3633149
18b94e47fd4580e80f2e7ee753196742f9f99690988b99600d8485bc171e723c,blues,0.0008416329002348,1667951158.363409
18b94e47fd4580e80f2e7ee753196742f9f99690988b99600d8485bc171e723c,classical,0.0008441393373598,1667951158.363438
18b94e47fd4580e80f2e7ee753196742f9f99690988b99600d8485bc171e723c,country,0.0008423028967575,1667951158.3634646
18b94e47fd4580e80f2e7ee753196742f9f99690988b99600d8485bc171e723c,electronic,0.0062224628241345,1667951158.363489
18b94e47fd4580e80f2e7ee753196742f9f99690988b99600d8485bc171e723c,folk,0.0018084529465511,1667951158.3635116
18b94e47fd4580e80f2e7ee753196742f9f99690988b99600d8485bc171e723c,jazz,0.0008096812455178,1667951158.363536
18b94e47fd4580e80f2e7ee753196742f9f99690988b99600d8485bc171e723c,latin,0.0009678276365555,1667951158.3635595
18b94e47fd4580e80f2e7ee753196742f9f99690988b99600d8485bc171e723c,new-age,0.0019548652767563,1667951158.3635824
18b94e47fd4580e80f2e7ee753196742f9f99690988b99600d8485bc171e723c,pop-rock,0.0050450833537355,1667951158.3636043
18b94e47fd4580e80f2e7ee753196742f9f99690988b99600d8485bc171e723c,rap,0.0012827049331102,1667951158.3636284
18b94e47fd4580e80f2e7ee753196742f9f99690988b99600d8485bc171e723c,reggae,0.0006179858805717,1667951158.3636854
18b94e47fd4580e80f2e7ee753196742f9f99690988b99600d8485bc171e723c,rnb,0.0012714102582517,1667951158.3637097
ef31715721a9b5a1ef3b6c215c3d7d04bb28b910c7bd913985904836bb9997ed,avant-garde,0.00125677013267,1667979152.498779
ef31715721a9b5a1ef3b6c215c3d7d04bb28b910c7bd913985904836bb9997ed,blues,0.0007343426000937,1667979152.4988737
ef31715721a9b5a1ef3b6c215c3d7d04bb28b910c7bd913985904836bb9997ed,classical,0.0002708650594583,1667979152.4989014
ef31715721a9b5a1ef3b6c215c3d7d04bb28b910c7bd913985904836bb9997ed,country,0.0005801633663304,1667979152.4989266
ef31715721a9b5a1ef3b6c215c3d7d04bb28b910c7bd913985904836bb9997ed,electronic,0.003378736248759,1667979152.49895
ef31715721a9b5a1ef3b6c215c3d7d04bb28b910c7bd913985904836bb9997ed,folk,0.0012219232795717,1667979152.498972
ef31715721a9b5a1ef3b6c215c3d7d04bb28b910c7bd913985904836bb9997ed,jazz,0.0009532400498856,1667979152.4989946
ef31715721a9b5a1ef3b6c215c3d7d04bb28b910c7bd913985904836bb9997ed,latin,0.0024292570780673,1667979152.499019
ef31715721a9b5a1ef3b6c215c3d7d04bb28b910c7bd913985904836bb9997ed,new-age,0.0008645023629815,1667979152.4990416
ef31715721a9b5a1ef3b6c215c3d7d04bb28b910c7bd913985904836bb9997ed,pop-rock,0.002708404366757,1667979152.499062
ef31715721a9b5a1ef3b6c215c3d7d04bb28b910c7bd913985904836bb9997ed,rap,0.0094039433157538,1667979152.4990842
ef31715721a9b5a1ef3b6c215c3d7d04bb28b910c7bd913985904836bb9997ed,reggae,0.0005979343401698,1667979152.4991057
ef31715721a9b5a1ef3b6c215c3d7d04bb28b910c7bd913985904836bb9997ed,rnb,0.0037861181659873,1667979152.499127
2ef41e03eea7359470b492771ef78ac792437960561b744f2c2bf6accaca15f6,avant-garde,0.0010018078941708,1667986140.7835584
2ef41e03eea7359470b492771ef78ac792437960561b744f2c2bf6accaca15f6,blues,0.0006865894737412,1667986140.7836792
2ef41e03eea7359470b492771ef78ac792437960561b744f2c2bf6accaca15f6,classical,0.0002353800736321,1667986140.783711
2ef41e03eea7359470b492771ef78ac792437960561b744f2c2bf6accaca15f6,country,0.0007448394525758,1667986140.783739
2ef41e03eea7359470b492771ef78ac792437960561b744f2c2bf6accaca15f6,electronic,0.0018862740819452,1667986140.7837644
2ef41e03eea7359470b492771ef78ac792437960561b744f2c2bf6accaca15f6,folk,0.0014289612215531,1667986140.7837875
2ef41e03eea7359470b492771ef78ac792437960561b744f2c2bf6accaca15f6,jazz,0.0008227297846587,1667986140.7838116
2ef41e03eea7359470b492771ef78ac792437960561b744f2c2bf6accaca15f6,latin,0.0099313663453321,1667986140.7838366
2ef41e03eea7359470b492771ef78ac792437960561b744f2c2bf6accaca15f6,new-age,0.0007444439407365,1667986140.783861
2ef41e03eea7359470b492771ef78ac792437960561b744f2c2bf6accaca15f6,pop-rock,0.0027050451929875,1667986140.7839444
2ef41e03eea7359470b492771ef78ac792437960561b744f2c2bf6accaca15f6,rap,0.0065670219306071,1667986140.783986
2ef41e03eea7359470b492771ef78ac792437960561b744f2c2bf6accaca15f6,reggae,0.0003103857090901,1667986140.7840426
2ef41e03eea7359470b492771ef78ac792437960561b744f2c2bf6accaca15f6,rnb,0.003875669934445,1667986140.784082
3817d9a405254d9e075f6faf86ff7e92dd972a8448205f99fd2ec21482328fde,avant-garde,0.0011856756066377,1668162157.892954
3817d9a405254d9e075f6faf86ff7e92dd972a8448205f99fd2ec21482328fde,blues,0.0012134407541374,1668162157.8930652
3817d9a405254d9e075f6faf86ff7e92dd972a8448205f99fd2ec21482328fde,classical,0.0002134029110578,1668162157.8930995
3817d9a405254d9e075f6faf86ff7e92dd972a8448205f99fd2ec21482328fde,country,0.0013200646936265,1668162157.8931282
3817d9a405254d9e075f6faf86ff7e92dd972a8448205f99fd2ec21482328fde,electronic,0.0038152003820911,1668162157.893155
3817d9a405254d9e075f6faf86ff7e92dd972a8448205f99fd2ec21482328fde,folk,0.002802871436311,1668162157.893181
3817d9a405254d9e075f6faf86ff7e92dd972a8448205f99fd2ec21482328fde,jazz,0.0013231688176861,1668162157.8932064
3817d9a405254d9e075f6faf86ff7e92dd972a8448205f99fd2ec21482328fde,latin,0.0048449735322232,1668162157.8932328
3817d9a405254d9e075f6faf86ff7e92dd972a8448205f99fd2ec21482328fde,new-age,0.0009848466880685,1668162157.8932576
3817d9a405254d9e075f6faf86ff7e92dd972a8448205f99fd2ec21482328fde,pop-rock,0.0053996561261885,1668162157.893281
3817d9a405254d9e075f6faf86ff7e92dd972a8448205f99fd2ec21482328fde,rap,0.002547202439714,1668162157.8933089
3817d9a405254d9e075f6faf86ff7e92dd972a8448205f99fd2ec21482328fde,reggae,0.000337437882108,1668162157.893334
3817d9a405254d9e075f6faf86ff7e92dd972a8448205f99fd2ec21482328fde,rnb,0.0032167041460152,1668162157.8933582
691a816ea33915150243ad414cfda4f0280086f7dd42d544628746a8048339c6,avant-garde,0.0008927158151266,1668346728.4269035
691a816ea33915150243ad414cfda4f0280086f7dd42d544628746a8048339c6,blues,0.0007753506234056,1668346728.4270072
691a816ea33915150243ad414cfda4f0280086f7dd42d544628746a8048339c6,classical,0.0001843220092408,1668346728.4270391
691a816ea33915150243ad414cfda4f0280086f7dd42d544628746a8048339c6,country,0.0007415248484676,1668346728.427072
691a816ea33915150243ad414cfda4f0280086f7dd42d544628746a8048339c6,electronic,0.0022181488509054,1668346728.4270985
691a816ea33915150243ad414cfda4f0280086f7dd42d544628746a8048339c6,folk,0.0014689303658081,1668346728.4271224
691a816ea33915150243ad414cfda4f0280086f7dd42d544628746a8048339c6,jazz,0.0008370639889526,1668346728.427147
691a816ea33915150243ad414cfda4f0280086f7dd42d544628746a8048339c6,latin,0.0079336700327235,1668346728.4271722
691a816ea33915150243ad414cfda4f0280086f7dd42d544628746a8048339c6,new-age,0.000653344781289,1668346728.4271984
691a816ea33915150243ad414cfda4f0280086f7dd42d544628746a8048339c6,pop-rock,0.0029391659002964,1668346728.4272225
691a816ea33915150243ad414cfda4f0280086f7dd42d544628746a8048339c6,rap,0.005657430520434,1668346728.4272473
691a816ea33915150243ad414cfda4f0280086f7dd42d544628746a8048339c6,reggae,0.0004045988083112,1668346728.4272704
691a816ea33915150243ad414cfda4f0280086f7dd42d544628746a8048339c6,rnb,0.0046995004390355,1668346728.427294
9669edaa22316056ba9a454d74738bdef8e30f8fe6fbe02d31101393b6eefa18,avant-garde,0.0017104790962139,1668347069.202595
9669edaa22316056ba9a454d74738bdef8e30f8fe6fbe02d31101393b6eefa18,blues,0.0010391578637284,1668347069.20269
9669edaa22316056ba9a454d74738bdef8e30f8fe6fbe02d31101393b6eefa18,classical,0.0006654932551687,1668347069.2027187
9669edaa22316056ba9a454d74738bdef8e30f8fe6fbe02d31101393b6eefa18,country,0.0012631056930188,1668347069.2027447
9669edaa22316056ba9a454d74738bdef8e30f8fe6fbe02d31101393b6eefa18,electronic,0.0016584976585257,1668347069.202769
9669edaa22316056ba9a454d74738bdef8e30f8fe6fbe02d31101393b6eefa18,folk,0.0027408377810344,1668347069.2027926
9669edaa22316056ba9a454d74738bdef8e30f8fe6fbe02d31101393b6eefa18,jazz,0.0010745956860863,1668347069.2028165
9669edaa22316056ba9a454d74738bdef8e30f8fe6fbe02d31101393b6eefa18,latin,0.0038358368810991,1668347069.20284
9669edaa22316056ba9a454d74738bdef8e30f8fe6fbe02d31101393b6eefa18,new-age,0.0049371186569657,1668347069.2028637
9669edaa22316056ba9a454d74738bdef8e30f8fe6fbe02d31101393b6eefa18,pop-rock,0.0055654227315992,1668347069.202885
9669edaa22316056ba9a454d74738bdef8e30f8fe6fbe02d31101393b6eefa18,rap,0.0023671192082349,1668347069.2029076
9669edaa22316056ba9a454d74738bdef8e30f8fe6fbe02d31101393b6eefa18,reggae,0.0003190408095225,1668347069.2029295
9669edaa22316056ba9a454d74738bdef8e30f8fe6fbe02d31101393b6eefa18,rnb,0.0028354563782818,1668347069.202952
8392926e1ae697163624c8a090cf69be21e6c3b96f5caea8b08c5fcb829fbe13,avant-garde,0.0008870319116831,1668347439.2774558
8392926e1ae697163624c8a090cf69be21e6c3b96f5caea8b08c5fcb829fbe13,blues,0.0006789853496883,1668347439.2775466
8392926e1ae697163624c8a090cf69be21e6c3b96f5caea8b08c5fcb829fbe13,classical,0.0003006794375824,1668347439.2775755
8392926e1ae697163624c8a090cf69be21e6c3b96f5caea8b08c5fcb829fbe13,country,0.0006508426262549,1668347439.277601
8392926e1ae697163624c8a090cf69be21e6c3b96f5caea8b08c5fcb829fbe13,electronic,0.0032128460927858,1668347439.2776256
8392926e1ae697163624c8a090cf69be21e6c3b96f5caea8b08c5fcb829fbe13,folk,0.0012790796494144,1668347439.2776496
8392926e1ae697163624c8a090cf69be21e6c3b96f5caea8b08c5fcb829fbe13,jazz,0.0007363529883297,1668347439.277697
8392926e1ae697163624c8a090cf69be21e6c3b96f5caea8b08c5fcb829fbe13,latin,0.0077833552497225,1668347439.2777357
8392926e1ae697163624c8a090cf69be21e6c3b96f5caea8b08c5fcb829fbe13,new-age,0.0007220489200473,1668347439.2777717
8392926e1ae697163624c8a090cf69be21e6c3b96f5caea8b08c5fcb829fbe13,pop-rock,0.0025757521235348,1668347439.2778077
8392926e1ae697163624c8a090cf69be21e6c3b96f5caea8b08c5fcb829fbe13,rap,0.0052543703977999,1668347439.2778473
8392926e1ae697163624c8a090cf69be21e6c3b96f5caea8b08c5fcb829fbe13,reggae,0.0003602514399858,1668347439.2778971
8392926e1ae697163624c8a090cf69be21e6c3b96f5caea8b08c5fcb829fbe13,rnb,0.0041623312172411,1668347439.2779355
2fc1ca2e1595ec4d6c07559e0de0bb6df15201ab95ee7200d1f0ad6e46e0a0f3,avant-garde,0.0007840548935883,1668349006.8276055
2fc1ca2e1595ec4d6c07559e0de0bb6df15201ab95ee7200d1f0ad6e46e0a0f3,blues,0.0006328199022527,1668349006.827726
2fc1ca2e1595ec4d6c07559e0de0bb6df15201ab95ee7200d1f0ad6e46e0a0f3,classical,0.0001544979517979,1668349006.827772
2fc1ca2e1595ec4d6c07559e0de0bb6df15201ab95ee7200d1f0ad6e46e0a0f3,country,0.0005935873867216,1668349006.8278158
2fc1ca2e1595ec4d6c07559e0de0bb6df15201ab95ee7200d1f0ad6e46e0a0f3,electronic,0.0035510525997412,1668349006.8278573
2fc1ca2e1595ec4d6c07559e0de0bb6df15201ab95ee7200d1f0ad6e46e0a0f3,folk,0.0011538182031704,1668349006.827897
2fc1ca2e1595ec4d6c07559e0de0bb6df15201ab95ee7200d1f0ad6e46e0a0f3,jazz,0.0006682857122518,1668349006.8279364
2fc1ca2e1595ec4d6c07559e0de0bb6df15201ab95ee7200d1f0ad6e46e0a0f3,latin,0.0060213902249506,1668349006.8279767
2fc1ca2e1595ec4d6c07559e0de0bb6df15201ab95ee7200d1f0ad6e46e0a0f3,new-age,0.0005747555653487,1668349006.8280158
2fc1ca2e1595ec4d6c07559e0de0bb6df15201ab95ee7200d1f0ad6e46e0a0f3,pop-rock,0.0022822345418932,1668349006.828054
2fc1ca2e1595ec4d6c07559e0de0bb6df15201ab95ee7200d1f0ad6e46e0a0f3,rap,0.0080135696226428,1668349006.8280945
2fc1ca2e1595ec4d6c07559e0de0bb6df15201ab95ee7200d1f0ad6e46e0a0f3,reggae,0.0003031750760655,1668349006.828133
2fc1ca2e1595ec4d6c07559e0de0bb6df15201ab95ee7200d1f0ad6e46e0a0f3,rnb,0.003956957710886,1668349006.8281708
674c15058783adbd8cf66c811e8885b68dd9723e330ae8d492c14c2a93bdac91,avant-garde,0.0010312923417076,1668355619.0676217
674c15058783adbd8cf66c811e8885b68dd9723e330ae8d492c14c2a93bdac91,blues,0.0006549664589385,1668355619.0677123
674c15058783adbd8cf66c811e8885b68dd9723e330ae8d492c14c2a93bdac91,classical,0.0001727286066802,1668355619.067742
674c15058783adbd8cf66c811e8885b68dd9723e330ae8d492c14c2a93bdac91,country,0.0006355024857286,1668355619.0677707
674c15058783adbd8cf66c811e8885b68dd9723e330ae8d492c14c2a93bdac91,electronic,0.005200031572208,1668355619.067796
674c15058783adbd8cf66c811e8885b68dd9723e330ae8d492c14c2a93bdac91,folk,0.0013819894568136,1668355619.0678198
674c15058783adbd8cf66c811e8885b68dd9723e330ae8d492c14c2a93bdac91,jazz,0.0007608771466128,1668355619.0678442
674c15058783adbd8cf66c811e8885b68dd9723e330ae8d492c14c2a93bdac91,latin,0.0039138338881455,1668355619.0678692
674c15058783adbd8cf66c811e8885b68dd9723e330ae8d492c14c2a93bdac91,new-age,0.0007319676729366,1668355619.0678935
674c15058783adbd8cf66c811e8885b68dd9723e330ae8d492c14c2a93bdac91,pop-rock,0.0028196087484278,1668355619.0679152
674c15058783adbd8cf66c811e8885b68dd9723e330ae8d492c14c2a93bdac91,rap,0.0037132090875516,1668355619.0679407
674c15058783adbd8cf66c811e8885b68dd9723e330ae8d492c14c2a93bdac91,reggae,0.0005045043701624,1668355619.0679643
674c15058783adbd8cf66c811e8885b68dd9723e330ae8d492c14c2a93bdac91,rnb,0.0026609668118532,1668355619.067988
6ab7ac3ccac9ee435d6763019e4ddf932e74f0bc20ed5d13918f58361a2bf73d,avant-garde,0.0013989347339925,1668362806.7317736
6ab7ac3ccac9ee435d6763019e4ddf932e74f0bc20ed5d13918f58361a2bf73d,blues,0.0021206873183702,1668362806.7318614
6ab7ac3ccac9ee435d6763019e4ddf932e74f0bc20ed5d13918f58361a2bf73d,classical,0.0002056468736308,1668362806.7318902
6ab7ac3ccac9ee435d6763019e4ddf932e74f0bc20ed5d13918f58361a2bf73d,country,0.0022997815167276,1668362806.731918
6ab7ac3ccac9ee435d6763019e4ddf932e74f0bc20ed5d13918f58361a2bf73d,electronic,0.0016136204363044,1668362806.7319431
6ab7ac3ccac9ee435d6763019e4ddf932e74f0bc20ed5d13918f58361a2bf73d,folk,0.0048383736004211,1668362806.7319665
6ab7ac3ccac9ee435d6763019e4ddf932e74f0bc20ed5d13918f58361a2bf73d,jazz,0.0011463265241701,1668362806.7319896
6ab7ac3ccac9ee435d6763019e4ddf932e74f0bc20ed5d13918f58361a2bf73d,latin,0.0046349919891153,1668362806.7320137
6ab7ac3ccac9ee435d6763019e4ddf932e74f0bc20ed5d13918f58361a2bf73d,new-age,0.0011001521892918,1668362806.732037
6ab7ac3ccac9ee435d6763019e4ddf932e74f0bc20ed5d13918f58361a2bf73d,pop-rock,0.0086679358093697,1668362806.7320592
6ab7ac3ccac9ee435d6763019e4ddf932e74f0bc20ed5d13918f58361a2bf73d,rap,0.0036321266356021,1668362806.732082
6ab7ac3ccac9ee435d6763019e4ddf932e74f0bc20ed5d13918f58361a2bf73d,reggae,0.0008807588076318,1668362806.732105
6ab7ac3ccac9ee435d6763019e4ddf932e74f0bc20ed5d13918f58361a2bf73d,rnb,0.0035053154358,1668362806.7321272
139fe82c44eb2ccdc92e6cf99e6ed512414efe88d5b96587533436d2c3b65bb1,avant-garde,0.0009696055556109,1668418235.5204282
139fe82c44eb2ccdc92e6cf99e6ed512414efe88d5b96587533436d2c3b65bb1,blues,0.0007030841284773,1668418235.5205648
139fe82c44eb2ccdc92e6cf99e6ed512414efe88d5b96587533436d2c3b65bb1,classical,0.0001791785233621,1668418235.520619
139fe82c44eb2ccdc92e6cf99e6ed512414efe88d5b96587533436d2c3b65bb1,country,0.0006120618900221,1668418235.520674
139fe82c44eb2ccdc92e6cf99e6ed512414efe88d5b96587533436d2c3b65bb1,electronic,0.0019795219206068,1668418235.5207212
139fe82c44eb2ccdc92e6cf99e6ed512414efe88d5b96587533436d2c3b65bb1,folk,0.0012521799152874,1668418235.5207665
139fe82c44eb2ccdc92e6cf99e6ed512414efe88d5b96587533436d2c3b65bb1,jazz,0.0007920861055379,1668418235.52081
139fe82c44eb2ccdc92e6cf99e6ed512414efe88d5b96587533436d2c3b65bb1,latin,0.0027600184091268,1668418235.5208535
139fe82c44eb2ccdc92e6cf99e6ed512414efe88d5b96587533436d2c3b65bb1,new-age,0.0006933536134643,1668418235.5209126
139fe82c44eb2ccdc92e6cf99e6ed512414efe88d5b96587533436d2c3b65bb1,pop-rock,0.0027942268790356,1668418235.5209568
139fe82c44eb2ccdc92e6cf99e6ed512414efe88d5b96587533436d2c3b65bb1,rap,0.0140729258294532,1668418235.5210092
139fe82c44eb2ccdc92e6cf99e6ed512414efe88d5b96587533436d2c3b65bb1,reggae,0.0003092480277269,1668418235.5210536
139fe82c44eb2ccdc92e6cf99e6ed512414efe88d5b96587533436d2c3b65bb1,rnb,0.0040106988465421,1668418235.521098
ef5892d90c5522ca63c291c8553d377a70104d8559a2827659e38cbbc8d0b174,avant-garde,0.0026326106629841,1668419181.943246
ef5892d90c5522ca63c291c8553d377a70104d8559a2827659e38cbbc8d0b174,blues,0.0014943898771387,1668419181.943369
ef5892d90c5522ca63c291c8553d377a70104d8559a2827659e38cbbc8d0b174,classical,0.0008246075946979,1668419181.9434173
ef5892d90c5522ca63c291c8553d377a70104d8559a2827659e38cbbc8d0b174,country,0.0013816413897352,1668419181.9434628
ef5892d90c5522ca63c291c8553d377a70104d8559a2827659e38cbbc8d0b174,electronic,0.0044421993445048,1668419181.9435096
ef5892d90c5522ca63c291c8553d377a70104d8559a2827659e38cbbc8d0b174,folk,0.0029684183614633,1668419181.943555
ef5892d90c5522ca63c291c8553d377a70104d8559a2827659e38cbbc8d0b174,jazz,0.0011268972022519,1668419181.9436004
ef5892d90c5522ca63c291c8553d377a70104d8559a2827659e38cbbc8d0b174,latin,0.0013610061919143,1668419181.9436462
ef5892d90c5522ca63c291c8553d377a70104d8559a2827659e38cbbc8d0b174,new-age,0.0020402753490919,1668419181.9436915
ef5892d90c5522ca63c291c8553d377a70104d8559a2827659e38cbbc8d0b174,pop-rock,0.0076878368228009,1668419181.9437342
ef5892d90c5522ca63c291c8553d377a70104d8559a2827659e38cbbc8d0b174,rap,0.0042300001986198,1668419181.9437797
ef5892d90c5522ca63c291c8553d377a70104d8559a2827659e38cbbc8d0b174,reggae,0.0004966035045668,1668419181.943823
ef5892d90c5522ca63c291c8553d377a70104d8559a2827659e38cbbc8d0b174,rnb,0.0026083950467267,1668419181.943867
7e74c3e072351881bde701e6b5ded657082b4f80f5d1bf3452d74d2de8e34df6,avant-garde,0.0010727512035547,1668419910.5039754
7e74c3e072351881bde701e6b5ded657082b4f80f5d1bf3452d74d2de8e34df6,blues,0.0008066728522342,1668419910.5041008
7e74c3e072351881bde701e6b5ded657082b4f80f5d1bf3452d74d2de8e34df6,classical,0.0002046083140639,1668419910.5041535
7e74c3e072351881bde701e6b5ded657082b4f80f5d1bf3452d74d2de8e34df6,country,0.0007610761675245,1668419910.504203
7e74c3e072351881bde701e6b5ded657082b4f80f5d1bf3452d74d2de8e34df6,electronic,0.0021207540649215,1668419910.5042512
7e74c3e072351881bde701e6b5ded657082b4f80f5d1bf3452d74d2de8e34df6,folk,0.0015234735402835,1668419910.5042942
7e74c3e072351881bde701e6b5ded657082b4f80f5d1bf3452d74d2de8e34df6,jazz,0.0009401790808679,1668419910.5043385
7e74c3e072351881bde701e6b5ded657082b4f80f5d1bf3452d74d2de8e34df6,latin,0.0059760311981618,1668419910.5043805
7e74c3e072351881bde701e6b5ded657082b4f80f5d1bf3452d74d2de8e34df6,new-age,0.0007695609105581,1668419910.5044217
7e74c3e072351881bde701e6b5ded657082b4f80f5d1bf3452d74d2de8e34df6,pop-rock,0.0029706067864176,1668419910.504462
7e74c3e072351881bde701e6b5ded657082b4f80f5d1bf3452d74d2de8e34df6,rap,0.0057541392043263,1668419910.5045063
7e74c3e072351881bde701e6b5ded657082b4f80f5d1bf3452d74d2de8e34df6,reggae,0.0003276345270705,1668419910.5045495
7e74c3e072351881bde701e6b5ded657082b4f80f5d1bf3452d74d2de8e34df6,rnb,0.0049298163195636,1668419910.5045924
252cab3c8ed8354cf1e126439d9ff7a2132c009bd4d8e7c091180aee1995e62f,avant-garde,0.0016497728345657,1668423015.2679396
252cab3c8ed8354cf1e126439d9ff7a2132c009bd4d8e7c091180aee1995e62f,blues,0.000553539830369,1668423015.2680335
252cab3c8ed8354cf1e126439d9ff7a2132c009bd4d8e7c091180aee1995e62f,classical,0.0003328356697595,1668423015.268064
252cab3c8ed8354cf1e126439d9ff7a2132c009bd4d8e7c091180aee1995e62f,country,0.0005392126826957,1668423015.2680922
252cab3c8ed8354cf1e126439d9ff7a2132c009bd4d8e7c091180aee1995e62f,electronic,0.007289052387395,1668423015.268119
252cab3c8ed8354cf1e126439d9ff7a2132c009bd4d8e7c091180aee1995e62f,folk,0.0011543212559958,1668423015.268144
252cab3c8ed8354cf1e126439d9ff7a2132c009bd4d8e7c091180aee1995e62f,jazz,0.0006436967361406,1668423015.2681684
252cab3c8ed8354cf1e126439d9ff7a2132c009bd4d8e7c091180aee1995e62f,latin,0.0017035908590376,1668423015.2681942
252cab3c8ed8354cf1e126439d9ff7a2132c009bd4d8e7c091180aee1995e62f,new-age,0.0013945943890715,1668423015.268219
252cab3c8ed8354cf1e126439d9ff7a2132c009bd4d8e7c091180aee1995e62f,pop-rock,0.002950964899453,1668423015.2682414
252cab3c8ed8354cf1e126439d9ff7a2132c009bd4d8e7c091180aee1995e62f,rap,0.0025522121892092,1668423015.2682655
252cab3c8ed8354cf1e126439d9ff7a2132c009bd4d8e7c091180aee1995e62f,reggae,0.0017925163213155,1668423015.26829
252cab3c8ed8354cf1e126439d9ff7a2132c009bd4d8e7c091180aee1995e62f,rnb,0.0015872341219228,1668423015.268314
7168a37151da4adb963f8b79981071575b3e1d56c973c9647ae8cd4d55b323ea,avant-garde,0.0024985341900564,1668423023.7344792
7168a37151da4adb963f8b79981071575b3e1d56c973c9647ae8cd4d55b323ea,blues,0.0039288079708881,1668423023.7345765
7168a37151da4adb963f8b79981071575b3e1d56c973c9647ae8cd4d55b323ea,classical,0.0003610011542627,1668423023.7346077
7168a37151da4adb963f8b79981071575b3e1d56c973c9647ae8cd4d55b323ea,country,0.0036016338965848,1668423023.7346368
7168a37151da4adb963f8b79981071575b3e1d56c973c9647ae8cd4d55b323ea,electronic,0.001086356326779,1668423023.7346635
7168a37151da4adb963f8b79981071575b3e1d56c973c9647ae8cd4d55b323ea,folk,0.0080701960337804,1668423023.734689
7168a37151da4adb963f8b79981071575b3e1d56c973c9647ae8cd4d55b323ea,jazz,0.0018629781555119,1668423023.7347145
7168a37151da4adb963f8b79981071575b3e1d56c973c9647ae8cd4d55b323ea,latin,0.0008190290489602,1668423023.7347393
7168a37151da4adb963f8b79981071575b3e1d56c973c9647ae8cd4d55b323ea,new-age,0.0018936450904861,1668423023.7347643
7168a37151da4adb963f8b79981071575b3e1d56c973c9647ae8cd4d55b323ea,pop-rock,0.0182099938157742,1668423023.7347867
7168a37151da4adb963f8b79981071575b3e1d56c973c9647ae8cd4d55b323ea,rap,0.0008035847894062,1668423023.7348125
7168a37151da4adb963f8b79981071575b3e1d56c973c9647ae8cd4d55b323ea,reggae,0.0004369670974411,1668423023.7348378
7168a37151da4adb963f8b79981071575b3e1d56c973c9647ae8cd4d55b323ea,rnb,0.0035181908417289,1668423023.7348614
e2d9a13b7bec3fcc9f6d8c4bb4b75357e5b13f06a3d41239716bc6f8ed412c0f,avant-garde,0.0015140300111756,1668438992.267259
e2d9a13b7bec3fcc9f6d8c4bb4b75357e5b13f06a3d41239716bc6f8ed412c0f,blues,0.0006481420497715,1668438992.267348
e2d9a13b7bec3fcc9f6d8c4bb4b75357e5b13f06a3d41239716bc6f8ed412c0f,classical,0.0003064343514857,1668438992.2673776
e2d9a13b7bec3fcc9f6d8c4bb4b75357e5b13f06a3d41239716bc6f8ed412c0f,country,0.0006770688454986,1668438992.2674043
e2d9a13b7bec3fcc9f6d8c4bb4b75357e5b13f06a3d41239716bc6f8ed412c0f,electronic,0.0062270392386,1668438992.267431
e2d9a13b7bec3fcc9f6d8c4bb4b75357e5b13f06a3d41239716bc6f8ed412c0f,folk,0.0013924863982053,1668438992.2674546
e2d9a13b7bec3fcc9f6d8c4bb4b75357e5b13f06a3d41239716bc6f8ed412c0f,jazz,0.0006563107613894,1668438992.2674778
e2d9a13b7bec3fcc9f6d8c4bb4b75357e5b13f06a3d41239716bc6f8ed412c0f,latin,0.003987001706803,1668438992.2675016
e2d9a13b7bec3fcc9f6d8c4bb4b75357e5b13f06a3d41239716bc6f8ed412c0f,new-age,0.0011683834892205,1668438992.2675252
e2d9a13b7bec3fcc9f6d8c4bb4b75357e5b13f06a3d41239716bc6f8ed412c0f,pop-rock,0.0028999958219965,1668438992.2675476
e2d9a13b7bec3fcc9f6d8c4bb4b75357e5b13f06a3d41239716bc6f8ed412c0f,rap,0.0024886469848754,1668438992.2675722
e2d9a13b7bec3fcc9f6d8c4bb4b75357e5b13f06a3d41239716bc6f8ed412c0f,reggae,0.0004107529608138,1668438992.2675953
e2d9a13b7bec3fcc9f6d8c4bb4b75357e5b13f06a3d41239716bc6f8ed412c0f,rnb,0.002280837522142,1668438992.2676177
f8a05048192e67c19fb9afa712456b4a600682184d3f49018ad61d52d92ba73c,avant-garde,0.0009354898635473,1668444116.4045815
f8a05048192e67c19fb9afa712456b4a600682184d3f49018ad61d52d92ba73c,blues,0.0007149420165325,1668444116.404679
f8a05048192e67c19fb9afa712456b4a600682184d3f49018ad61d52d92ba73c,classical,0.0001824866656404,1668444116.4047112
f8a05048192e67c19fb9afa712456b4a600682184d3f49018ad61d52d92ba73c,country,0.0007522899962786,1668444116.4047406
f8a05048192e67c19fb9afa712456b4a600682184d3f49018ad61d52d92ba73c,electronic,0.0033220577910805,1668444116.4047675
f8a05048192e67c19fb9afa712456b4a600682184d3f49018ad61d52d92ba73c,folk,0.0014817724008589,1668444116.4047923
f8a05048192e67c19fb9afa712456b4a600682184d3f49018ad61d52d92ba73c,jazz,0.0007246434377897,1668444116.4048178
f8a05048192e67c19fb9afa712456b4a600682184d3f49018ad61d52d92ba73c,latin,0.0073930236874748,1668444116.4048443
f8a05048192e67c19fb9afa712456b4a600682184d3f49018ad61d52d92ba73c,new-age,0.0006833313987383,1668444116.4048707
f8a05048192e67c19fb9afa712456b4a600682184d3f49018ad61d52d92ba73c,pop-rock,0.0029576275943926,1668444116.404894
f8a05048192e67c19fb9afa712456b4a600682184d3f49018ad61d52d92ba73c,rap,0.0039828717579508,1668444116.4049208
f8a05048192e67c19fb9afa712456b4a600682184d3f49018ad61d52d92ba73c,reggae,0.0003839489270893,1668444116.4049463
f8a05048192e67c19fb9afa712456b4a600682184d3f49018ad61d52d92ba73c,rnb,0.0038166330238304,1668444116.4049704
9b111a13a64d67a773ba45afdac7191a409fd662371c2a19b6c127bef7cc6820,avant-garde,0.0017183727649268,1668454612.499535
9b111a13a64d67a773ba45afdac7191a409fd662371c2a19b6c127bef7cc6820,blues,0.0020513876858122,1668454612.4996395
9b111a13a64d67a773ba45afdac7191a409fd662371c2a19b6c127bef7cc6820,classical,0.0002761019431666,1668454612.4996798
9b111a13a64d67a773ba45afdac7191a409fd662371c2a19b6c127bef7cc6820,country,0.001874229507264,1668454612.499718
9b111a13a64d67a773ba45afdac7191a409fd662371c2a19b6c127bef7cc6820,electronic,0.0046108196096581,1668454612.4997537
9b111a13a64d67a773ba45afdac7191a409fd662371c2a19b6c127bef7cc6820,folk,0.0040990834049432,1668454612.499788
9b111a13a64d67a773ba45afdac7191a409fd662371c2a19b6c127bef7cc6820,jazz,0.0010425621639502,1668454612.4998531
9b111a13a64d67a773ba45afdac7191a409fd662371c2a19b6c127bef7cc6820,latin,0.0023951181188528,1668454612.4998891
9b111a13a64d67a773ba45afdac7191a409fd662371c2a19b6c127bef7cc6820,new-age,0.0012916627510148,1668454612.4999273
9b111a13a64d67a773ba45afdac7191a409fd662371c2a19b6c127bef7cc6820,pop-rock,0.0084151682602461,1668454612.4999623
9b111a13a64d67a773ba45afdac7191a409fd662371c2a19b6c127bef7cc6820,rap,0.0022137811121975,1668454612.5000005
9b111a13a64d67a773ba45afdac7191a409fd662371c2a19b6c127bef7cc6820,reggae,0.0006835041622341,1668454612.500037
9b111a13a64d67a773ba45afdac7191a409fd662371c2a19b6c127bef7cc6820,rnb,0.0026966884199925,1668454612.5000734
a79414caeadc0d45f3c5ced08c43e315ab361a9ee9c6ae49058088470a3a6060,avant-garde,0.0015239066912488,1668456769.368192
a79414caeadc0d45f3c5ced08c43e315ab361a9ee9c6ae49058088470a3a6060,blues,0.0008856184746682,1668456769.3683047
a79414caeadc0d45f3c5ced08c43e315ab361a9ee9c6ae49058088470a3a6060,classical,0.0016353041161622,1668456769.3683362
a79414caeadc0d45f3c5ced08c43e315ab361a9ee9c6ae49058088470a3a6060,country,0.0008753269931311,1668456769.3683813
a79414caeadc0d45f3c5ced08c43e315ab361a9ee9c6ae49058088470a3a6060,electronic,0.0025175883799175,1668456769.3684096
a79414caeadc0d45f3c5ced08c43e315ab361a9ee9c6ae49058088470a3a6060,folk,0.0018315698158231,1668456769.368436
a79414caeadc0d45f3c5ced08c43e315ab361a9ee9c6ae49058088470a3a6060,jazz,0.0008854700300649,1668456769.3684614
a79414caeadc0d45f3c5ced08c43e315ab361a9ee9c6ae49058088470a3a6060,latin,0.0054868989076078,1668456769.3684874
a79414caeadc0d45f3c5ced08c43e315ab361a9ee9c6ae49058088470a3a6060,new-age,0.0012533421922787,1668456769.3685129
a79414caeadc0d45f3c5ced08c43e315ab361a9ee9c6ae49058088470a3a6060,pop-rock,0.0042681066465,1668456769.3685365
a79414caeadc0d45f3c5ced08c43e315ab361a9ee9c6ae49058088470a3a6060,rap,0.0052168557311033,1668456769.3685637
a79414caeadc0d45f3c5ced08c43e315ab361a9ee9c6ae49058088470a3a6060,reggae,0.0004121779838023,1668456769.3685894
a79414caeadc0d45f3c5ced08c43e315ab361a9ee9c6ae49058088470a3a6060,rnb,0.0034334452200902,1668456769.3686135
2152111cf613aa1265823312e10228041da0416221a3dfc9833f9dcee74783b1,avant-garde,0.0011946321213592,1668465500.3637023
2152111cf613aa1265823312e10228041da0416221a3dfc9833f9dcee74783b1,blues,0.0009370723654761,1668465500.3638003
2152111cf613aa1265823312e10228041da0416221a3dfc9833f9dcee74783b1,classical,0.0002579032282086,1668465500.363831
2152111cf613aa1265823312e10228041da0416221a3dfc9833f9dcee74783b1,country,0.0007061612356726,1668465500.3638637
2152111cf613aa1265823312e10228041da0416221a3dfc9833f9dcee74783b1,electronic,0.0029201784978683,1668465500.3638897
2152111cf613aa1265823312e10228041da0416221a3dfc9833f9dcee74783b1,folk,0.0014719767401835,1668465500.3639147
2152111cf613aa1265823312e10228041da0416221a3dfc9833f9dcee74783b1,jazz,0.0009275555693526,1668465500.3639407
2152111cf613aa1265823312e10228041da0416221a3dfc9833f9dcee74783b1,latin,0.0065010431765094,1668465500.3639812
2152111cf613aa1265823312e10228041da0416221a3dfc9833f9dcee74783b1,new-age,0.0008624942036451,1668465500.3640208
2152111cf613aa1265823312e10228041da0416221a3dfc9833f9dcee74783b1,pop-rock,0.0030452884975177,1668465500.3640585
2152111cf613aa1265823312e10228041da0416221a3dfc9833f9dcee74783b1,rap,0.0060220950881377,1668465500.364101
2152111cf613aa1265823312e10228041da0416221a3dfc9833f9dcee74783b1,reggae,0.0005981981598159,1668465500.3641393
2152111cf613aa1265823312e10228041da0416221a3dfc9833f9dcee74783b1,rnb,0.0050348477737374,1668465500.364177
811dc65452d1be20e073f385ee6f0df18ee97d54f8edc15898b6aca0f40f484a,avant-garde,0.0020608592809749,1668500260.9817815
811dc65452d1be20e073f385ee6f0df18ee97d54f8edc15898b6aca0f40f484a,blues,0.0016447803060155,1668500260.9818747
811dc65452d1be20e073f385ee6f0df18ee97d54f8edc15898b6aca0f40f484a,classical,0.000499018844299,1668500260.9819038
811dc65452d1be20e073f385ee6f0df18ee97d54f8edc15898b6aca0f40f484a,country,0.0016419700933106,1668500260.981932
811dc65452d1be20e073f385ee6f0df18ee97d54f8edc15898b6aca0f40f484a,electronic,0.0017752815941486,1668500260.9819577
811dc65452d1be20e073f385ee6f0df18ee97d54f8edc15898b6aca0f40f484a,folk,0.0034445999874761,1668500260.9819815
811dc65452d1be20e073f385ee6f0df18ee97d54f8edc15898b6aca0f40f484a,jazz,0.001549705307901,1668500260.9820056
811dc65452d1be20e073f385ee6f0df18ee97d54f8edc15898b6aca0f40f484a,latin,0.0023392128972982,1668500260.9820304
811dc65452d1be20e073f385ee6f0df18ee97d54f8edc15898b6aca0f40f484a,new-age,0.0015081590444346,1668500260.982054
811dc65452d1be20e073f385ee6f0df18ee97d54f8edc15898b6aca0f40f484a,pop-rock,0.0089172687321063,1668500260.9820762
811dc65452d1be20e073f385ee6f0df18ee97d54f8edc15898b6aca0f40f484a,rap,0.0030147553773079,1668500260.982101
811dc65452d1be20e073f385ee6f0df18ee97d54f8edc15898b6aca0f40f484a,reggae,0.0004371698042141,1668500260.9821246
811dc65452d1be20e073f385ee6f0df18ee97d54f8edc15898b6aca0f40f484a,rnb,0.002769515553722,1668500260.9821472
5851c21c9e3bb3518644ee6b6af3c51c20649fa456449fa1a4d19fcd81b83eff,avant-garde,0.0017581766183385,1668501466.2167609
5851c21c9e3bb3518644ee6b6af3c51c20649fa456449fa1a4d19fcd81b83eff,blues,0.0015929997512883,1668501466.2168598
5851c21c9e3bb3518644ee6b6af3c51c20649fa456449fa1a4d19fcd81b83eff,classical,0.0002629116258328,1668501466.2168937
5851c21c9e3bb3518644ee6b6af3c51c20649fa456449fa1a4d19fcd81b83eff,country,0.0016617168271865,1668501466.216923
5851c21c9e3bb3518644ee6b6af3c51c20649fa456449fa1a4d19fcd81b83eff,electronic,0.0018560425772864,1668501466.2169538
5851c21c9e3bb3518644ee6b6af3c51c20649fa456449fa1a4d19fcd81b83eff,folk,0.0035313183567449,1668501466.2169805
5851c21c9e3bb3518644ee6b6af3c51c20649fa456449fa1a4d19fcd81b83eff,jazz,0.0011537746448569,1668501466.2170088
5851c21c9e3bb3518644ee6b6af3c51c20649fa456449fa1a4d19fcd81b83eff,latin,0.0031084691121304,1668501466.217039
5851c21c9e3bb3518644ee6b6af3c51c20649fa456449fa1a4d19fcd81b83eff,new-age,0.0012433027185222,1668501466.2170677
5851c21c9e3bb3518644ee6b6af3c51c20649fa456449fa1a4d19fcd81b83eff,pop-rock,0.0090644231897018,1668501466.2170954
5851c21c9e3bb3518644ee6b6af3c51c20649fa456449fa1a4d19fcd81b83eff,rap,0.0017072854665672,1668501466.2171264
5851c21c9e3bb3518644ee6b6af3c51c20649fa456449fa1a4d19fcd81b83eff,reggae,0.0008292497945414,1668501466.2171564
5851c21c9e3bb3518644ee6b6af3c51c20649fa456449fa1a4d19fcd81b83eff,rnb,0.0025804683140921,1668501466.2171843
508580d6e4f48b7c202c93bc3a485a116fb850b65102f5e31126903f24a1cd92,avant-garde,0.0008610559421442,1668501847.1757052
508580d6e4f48b7c202c93bc3a485a116fb850b65102f5e31126903f24a1cd92,blues,0.0006023830296628,1668501847.1758008
508580d6e4f48b7c202c93bc3a485a116fb850b65102f5e31126903f24a1cd92,classical,0.0001631514957599,1668501847.1758306
508580d6e4f48b7c202c93bc3a485a116fb850b65102f5e31126903f24a1cd92,country,0.0005345227513396,1668501847.1758592
508580d6e4f48b7c202c93bc3a485a116fb850b65102f5e31126903f24a1cd92,electronic,0.0057566748396233,1668501847.175887
508580d6e4f48b7c202c93bc3a485a116fb850b65102f5e31126903f24a1cd92,folk,0.0011080078747677,1668501847.175912
508580d6e4f48b7c202c93bc3a485a116fb850b65102f5e31126903f24a1cd92,jazz,0.0006030262278943,1668501847.175937
508580d6e4f48b7c202c93bc3a485a116fb850b65102f5e31126903f24a1cd92,latin,0.0050312426674939,1668501847.1759627
508580d6e4f48b7c202c93bc3a485a116fb850b65102f5e31126903f24a1cd92,new-age,0.0006386868453347,1668501847.1759882
508580d6e4f48b7c202c93bc3a485a116fb850b65102f5e31126903f24a1cd92,pop-rock,0.0023159801014334,1668501847.176011
508580d6e4f48b7c202c93bc3a485a116fb850b65102f5e31126903f24a1cd92,rap,0.0030367926242665,1668501847.1760375
508580d6e4f48b7c202c93bc3a485a116fb850b65102f5e31126903f24a1cd92,reggae,0.0007385174038932,1668501847.1760633
508580d6e4f48b7c202c93bc3a485a116fb850b65102f5e31126903f24a1cd92,rnb,0.002773449116562,1668501847.1760871
b1bd87ca84f7c28cefbfcd0b71246db20045c75b48ad949b71677370c68c72f3,avant-garde,0.0015278458059453,1668522131.79637
b1bd87ca84f7c28cefbfcd0b71246db20045c75b48ad949b71677370c68c72f3,blues,0.0010426779822739,1668522131.7965004
b1bd87ca84f7c28cefbfcd0b71246db20045c75b48ad949b71677370c68c72f3,classical,0.0002682709795632,1668522131.796553
b1bd87ca84f7c28cefbfcd0b71246db20045c75b48ad949b71677370c68c72f3,country,0.0013115314255323,1668522131.7966034
b1bd87ca84f7c28cefbfcd0b71246db20045c75b48ad949b71677370c68c72f3,electronic,0.0022187493945669,1668522131.7966504
b1bd87ca84f7c28cefbfcd0b71246db20045c75b48ad949b71677370c68c72f3,folk,0.0026413683225439,1668522131.7966948
b1bd87ca84f7c28cefbfcd0b71246db20045c75b48ad949b71677370c68c72f3,jazz,0.0008868550985037,1668522131.7967403
b1bd87ca84f7c28cefbfcd0b71246db20045c75b48ad949b71677370c68c72f3,latin,0.0056470745731888,1668522131.796786
b1bd87ca84f7c28cefbfcd0b71246db20045c75b48ad949b71677370c68c72f3,new-age,0.0011243934892202,1668522131.796831
b1bd87ca84f7c28cefbfcd0b71246db20045c75b48ad949b71677370c68c72f3,pop-rock,0.0052847720874152,1668522131.796874
b1bd87ca84f7c28cefbfcd0b71246db20045c75b48ad949b71677370c68c72f3,rap,0.0033170758884406,1668522131.7969203
b1bd87ca84f7c28cefbfcd0b71246db20045c75b48ad949b71677370c68c72f3,reggae,0.0004015452734287,1668522131.796965
b1bd87ca84f7c28cefbfcd0b71246db20045c75b48ad949b71677370c68c72f3,rnb,0.0032382586358343,1668522131.7970088
10f93463a20ade38e7c929a10d108123875a992291c71319eb630da153d4bde6,avant-garde,0.0009653096744235,1668535966.914255
10f93463a20ade38e7c929a10d108123875a992291c71319eb630da153d4bde6,blues,0.0008606382628593,1668535966.9143493
10f93463a20ade38e7c929a10d108123875a992291c71319eb630da153d4bde6,classical,0.0001730320807121,1668535966.9143782
10f93463a20ade38e7c929a10d108123875a992291c71319eb630da153d4bde6,country,0.0007738355885156,1668535966.9144049
10f93463a20ade38e7c929a10d108123875a992291c71319eb630da153d4bde6,electronic,0.0052582642647848,1668535966.914429
10f93463a20ade38e7c929a10d108123875a992291c71319eb630da153d4bde6,folk,0.0016847673146168,1668535966.9144526
10f93463a20ade38e7c929a10d108123875a992291c71319eb630da153d4bde6,jazz,0.0007661853540746,1668535966.9144757
10f93463a20ade38e7c929a10d108123875a992291c71319eb630da153d4bde6,latin,0.0048579746858327,1668535966.9144993
10f93463a20ade38e7c929a10d108123875a992291c71319eb630da153d4bde6,new-age,0.0007298365315552,1668535966.9145231
10f93463a20ade38e7c929a10d108123875a992291c71319eb630da153d4bde6,pop-rock,0.0034259233416689,1668535966.9145546
10f93463a20ade38e7c929a10d108123875a992291c71319eb630da153d4bde6,rap,0.0033623514625812,1668535966.9145806
10f93463a20ade38e7c929a10d108123875a992291c71319eb630da153d4bde6,reggae,0.0003578354785928,1668535966.9146223
10f93463a20ade38e7c929a10d108123875a992291c71319eb630da153d4bde6,rnb,0.0033228122633435,1668535966.9146469
dee23052c0f120382f9e262a744db2512c8317c94243eb348b2e663aec7436f1,avant-garde,0.0013381030367656,1668588967.0337503
dee23052c0f120382f9e262a744db2512c8317c94243eb348b2e663aec7436f1,blues,0.0020884380783345,1668588967.0338566
dee23052c0f120382f9e262a744db2512c8317c94243eb348b2e663aec7436f1,classical,0.0001867147426704,1668588967.033888
dee23052c0f120382f9e262a744db2512c8317c94243eb348b2e663aec7436f1,country,0.00187996571592,1668588967.0339146
dee23052c0f120382f9e262a744db2512c8317c94243eb348b2e663aec7436f1,electronic,0.001965001543899,1668588967.03394
dee23052c0f120382f9e262a744db2512c8317c94243eb348b2e663aec7436f1,folk,0.0038477417801157,1668588967.0339646
dee23052c0f120382f9e262a744db2512c8317c94243eb348b2e663aec7436f1,jazz,0.0010341777449192,1668588967.0339892
dee23052c0f120382f9e262a744db2512c8317c94243eb348b2e663aec7436f1,latin,0.00232532798269,1668588967.0340135
dee23052c0f120382f9e262a744db2512c8317c94243eb348b2e663aec7436f1,new-age,0.0011525252007194,1668588967.0340378
dee23052c0f120382f9e262a744db2512c8317c94243eb348b2e663aec7436f1,pop-rock,0.0082476007359706,1668588967.0340602
dee23052c0f120382f9e262a744db2512c8317c94243eb348b2e663aec7436f1,rap,0.0103240957567615,1668588967.034085
dee23052c0f120382f9e262a744db2512c8317c94243eb348b2e663aec7436f1,reggae,0.0003180822992813,1668588967.034108
dee23052c0f120382f9e262a744db2512c8317c94243eb348b2e663aec7436f1,rnb,0.0036792822205541,1668588967.0341313
438c164ca327ddc31b540f3e1f5534c2622d079e73514cac14a8537332aa849f,avant-garde,0.0021775763288398,1668597735.4439712
438c164ca327ddc31b540f3e1f5534c2622d079e73514cac14a8537332aa849f,blues,0.0022420937330348,1668597735.4441123
438c164ca327ddc31b540f3e1f5534c2622d079e73514cac14a8537332aa849f,classical,0.0004278998531165,1668597735.444162
438c164ca327ddc31b540f3e1f5534c2622d079e73514cac14a8537332aa849f,country,0.0015951065190394,1668597735.4442065
438c164ca327ddc31b540f3e1f5534c2622d079e73514cac14a8537332aa849f,electronic,0.000901248011294,1668597735.44425
438c164ca327ddc31b540f3e1f5534c2622d079e73514cac14a8537332aa849f,folk,0.0035476378289676,1668597735.4442914
438c164ca327ddc31b540f3e1f5534c2622d079e73514cac14a8537332aa849f,jazz,0.0046609262886011,1668597735.4443326
438c164ca327ddc31b540f3e1f5534c2622d079e73514cac14a8537332aa849f,latin,0.0008116195639107,1668597735.4443748
438c164ca327ddc31b540f3e1f5534c2622d079e73514cac14a8537332aa849f,new-age,0.0026367543287751,1668597735.444415
438c164ca327ddc31b540f3e1f5534c2622d079e73514cac14a8537332aa849f,pop-rock,0.0073498728172242,1668597735.444456
438c164ca327ddc31b540f3e1f5534c2622d079e73514cac14a8537332aa849f,rap,0.0012167148478744,1668597735.4444983
438c164ca327ddc31b540f3e1f5534c2622d079e73514cac14a8537332aa849f,reggae,0.000315588439952,1668597735.4445393
438c164ca327ddc31b540f3e1f5534c2622d079e73514cac14a8537332aa849f,rnb,0.0024131850738285,1668597735.4445791
6224610dde4826030c4df5011916e31263063648e6438f120a1f23994e184680,avant-garde,0.0057466304488503,1668603029.945898
6224610dde4826030c4df5011916e31263063648e6438f120a1f23994e184680,blues,0.0010745743990576,1668603029.9459898
6224610dde4826030c4df5011916e31263063648e6438f120a1f23994e184680,classical,0.001652376124973,1668603029.9460182
6224610dde4826030c4df5011916e31263063648e6438f120a1f23994e184680,country,0.0013362332460424,1668603029.9460568
6224610dde4826030c4df5011916e31263063648e6438f120a1f23994e184680,electronic,0.004564166367882,1668603029.94609
6224610dde4826030c4df5011916e31263063648e6438f120a1f23994e184680,folk,0.0028182990526958,1668603029.946113
6224610dde4826030c4df5011916e31263063648e6438f120a1f23994e184680,jazz,0.0014858802657469,1668603029.9461355
6224610dde4826030c4df5011916e31263063648e6438f120a1f23994e184680,latin,0.0007415424533818,1668603029.9461591
6224610dde4826030c4df5011916e31263063648e6438f120a1f23994e184680,new-age,0.0038687939734559,1668603029.9461803
6224610dde4826030c4df5011916e31263063648e6438f120a1f23994e184680,pop-rock,0.0072594217838518,1668603029.9462018
6224610dde4826030c4df5011916e31263063648e6438f120a1f23994e184680,rap,0.0009988646419835,1668603029.9462242
6224610dde4826030c4df5011916e31263063648e6438f120a1f23994e184680,reggae,0.0005257325241799,1668603029.946259
6224610dde4826030c4df5011916e31263063648e6438f120a1f23994e184680,rnb,0.0014691738661948,1668603029.946281
65ee203a47c9150d043f3f2775c071a0d7e1d24abb7992ddd28e079e08c1a79e,avant-garde,0.0010061376776595,1668603038.463149
65ee203a47c9150d043f3f2775c071a0d7e1d24abb7992ddd28e079e08c1a79e,blues,0.0007434104903104,1668603038.463266
65ee203a47c9150d043f3f2775c071a0d7e1d24abb7992ddd28e079e08c1a79e,classical,0.0001835982891421,1668603038.4633105
65ee203a47c9150d043f3f2775c071a0d7e1d24abb7992ddd28e079e08c1a79e,country,0.0008817690381577,1668603038.463353
65ee203a47c9150d043f3f2775c071a0d7e1d24abb7992ddd28e079e08c1a79e,electronic,0.0034809778062181,1668603038.4633904
65ee203a47c9150d043f3f2775c071a0d7e1d24abb7992ddd28e079e08c1a79e,folk,0.001738095194704,1668603038.4634278
65ee203a47c9150d043f3f2775c071a0d7e1d24abb7992ddd28e079e08c1a79e,jazz,0.0007047236202776,1668603038.4634852
65ee203a47c9150d043f3f2775c071a0d7e1d24abb7992ddd28e079e08c1a79e,latin,0.0068622330109637,1668603038.463524
65ee203a47c9150d043f3f2775c071a0d7e1d24abb7992ddd28e079e08c1a79e,new-age,0.0007354693132515,1668603038.4635613
65ee203a47c9150d043f3f2775c071a0d7e1d24abb7992ddd28e079e08c1a79e,pop-rock,0.0033611830022052,1668603038.463597
65ee203a47c9150d043f3f2775c071a0d7e1d24abb7992ddd28e079e08c1a79e,rap,0.004115978041019,1668603038.463634
65ee203a47c9150d043f3f2775c071a0d7e1d24abb7992ddd28e079e08c1a79e,reggae,0.0003594155499007,1668603038.4636707
65ee203a47c9150d043f3f2775c071a0d7e1d24abb7992ddd28e079e08c1a79e,rnb,0.0033792904234116,1668603038.4637082
d5e9218e4154b107858c7461b050e589e53b02f91517d2c6e8ca6c2eb1c217f9,avant-garde,0.0014540199364961,1668604300.5449164
d5e9218e4154b107858c7461b050e589e53b02f91517d2c6e8ca6c2eb1c217f9,blues,0.0010642770558416,1668604300.545036
d5e9218e4154b107858c7461b050e589e53b02f91517d2c6e8ca6c2eb1c217f9,classical,0.0005388959892934,1668604300.5450816
d5e9218e4154b107858c7461b050e589e53b02f91517d2c6e8ca6c2eb1c217f9,country,0.0012415672441995,1668604300.545123
d5e9218e4154b107858c7461b050e589e53b02f91517d2c6e8ca6c2eb1c217f9,electronic,0.0036016656938853,1668604300.545163
d5e9218e4154b107858c7461b050e589e53b02f91517d2c6e8ca6c2eb1c217f9,folk,0.0025841007182128,1668604300.5452006
d5e9218e4154b107858c7461b050e589e53b02f91517d2c6e8ca6c2eb1c217f9,jazz,0.0010011362392051,1668604300.545239
d5e9218e4154b107858c7461b050e589e53b02f91517d2c6e8ca6c2eb1c217f9,latin,0.0043591205864102,1668604300.5452762
d5e9218e4154b107858c7461b050e589e53b02f91517d2c6e8ca6c2eb1c217f9,new-age,0.0011425876349751,1668604300.5453146
d5e9218e4154b107858c7461b050e589e53b02f91517d2c6e8ca6c2eb1c217f9,pop-rock,0.0050657704847032,1668604300.5453498
d5e9218e4154b107858c7461b050e589e53b02f91517d2c6e8ca6c2eb1c217f9,rap,0.002479081038442,1668604300.545388
d5e9218e4154b107858c7461b050e589e53b02f91517d2c6e8ca6c2eb1c217f9,reggae,0.0003686634488053,1668604300.5454247
d5e9218e4154b107858c7461b050e589e53b02f91517d2c6e8ca6c2eb1c217f9,rnb,0.0031575608365457,1668604300.545461
6df12ddb3b53b809994ce5bba040744306d144508452730c8c5300ad8a57d30a,avant-garde,0.0004607129667316,1668611246.3371222
6df12ddb3b53b809994ce5bba040744306d144508452730c8c5300ad8a57d30a,blues,0.0003917270901683,1668611246.337226
6df12ddb3b53b809994ce5bba040744306d144508452730c8c5300ad8a57d30a,classical,8.54817335296e-05,1668611246.3372705
6df12ddb3b53b809994ce5bba040744306d144508452730c8c5300ad8a57d30a,country,0.0004115952007379,1668611246.3373106
6df12ddb3b53b809994ce5bba040744306d144508452730c8c5300ad8a57d30a,electronic,0.0005602810101633,1668611246.3373504
6df12ddb3b53b809994ce5bba040744306d144508452730c8c5300ad8a57d30a,folk,0.0008618227460956,1668611246.3373885
6df12ddb3b53b809994ce5bba040744306d144508452730c8c5300ad8a57d30a,jazz,0.0005831082309303,1668611246.337428
6df12ddb3b53b809994ce5bba040744306d144508452730c8c5300ad8a57d30a,latin,0.0222470810433054,1668611246.3374658
6df12ddb3b53b809994ce5bba040744306d144508452730c8c5300ad8a57d30a,new-age,0.0008391373229549,1668611246.337505
6df12ddb3b53b809994ce5bba040744306d144508452730c8c5300ad8a57d30a,pop-rock,0.001766224592744,1668611246.337544
6df12ddb3b53b809994ce5bba040744306d144508452730c8c5300ad8a57d30a,rap,0.0012179761457213,1668611246.3375816
6df12ddb3b53b809994ce5bba040744306d144508452730c8c5300ad8a57d30a,reggae,0.0003664572178055,1668611246.337618
6df12ddb3b53b809994ce5bba040744306d144508452730c8c5300ad8a57d30a,rnb,0.0013394162698163,1668611246.3376553
9e23958fa39c197c5eb550071ad22210a524aac632c086ff806838fada8be49b,avant-garde,0.0012741044293297,1668611582.1077442
9e23958fa39c197c5eb550071ad22210a524aac632c086ff806838fada8be49b,blues,0.0008778501660129,1668611582.1078446
9e23958fa39c197c5eb550071ad22210a524aac632c086ff806838fada8be49b,classical,0.0002529018634441,1668611582.1078734
9e23958fa39c197c5eb550071ad22210a524aac632c086ff806838fada8be49b,country,0.0010480244067856,1668611582.1078985
9e23958fa39c197c5eb550071ad22210a524aac632c086ff806838fada8be49b,electronic,0.0018455919102625,1668611582.107921
9e23958fa39c197c5eb550071ad22210a524aac632c086ff806838fada8be49b,folk,0.0021566883440513,1668611582.1079445
9e23958fa39c197c5eb550071ad22210a524aac632c086ff806838fada8be49b,jazz,0.0007280852151337,1668611582.107965
9e23958fa39c197c5eb550071ad22210a524aac632c086ff806838fada8be49b,latin,0.003889818977607,1668611582.1079874
9e23958fa39c197c5eb550071ad22210a524aac632c086ff806838fada8be49b,new-age,0.0039083999990879,1668611582.1080084
9e23958fa39c197c5eb550071ad22210a524aac632c086ff806838fada8be49b,pop-rock,0.0050131156237064,1668611582.108029
9e23958fa39c197c5eb550071ad22210a524aac632c086ff806838fada8be49b,rap,0.0023257987222427,1668611582.10805
9e23958fa39c197c5eb550071ad22210a524aac632c086ff806838fada8be49b,reggae,0.0003313543988482,1668611582.1080706
9e23958fa39c197c5eb550071ad22210a524aac632c086ff806838fada8be49b,rnb,0.0023958205331112,1668611582.108092
00c8aae385389f159752b62e58288f9dc0bb7549dabc19d2c159d3b453ca9a6c,avant-garde,0.0008135678697371,1668613321.1110947
00c8aae385389f159752b62e58288f9dc0bb7549dabc19d2c159d3b453ca9a6c,blues,0.0007516241933843,1668613321.111212
00c8aae385389f159752b62e58288f9dc0bb7549dabc19d2c159d3b453ca9a6c,classical,0.0002510244481131,1668613321.1112578
00c8aae385389f159752b62e58288f9dc0bb7549dabc19d2c159d3b453ca9a6c,country,0.0009382945482826,1668613321.1113005
00c8aae385389f159752b62e58288f9dc0bb7549dabc19d2c159d3b453ca9a6c,electronic,0.0030168824787694,1668613321.111339
00c8aae385389f159752b62e58288f9dc0bb7549dabc19d2c159d3b453ca9a6c,folk,0.0017697182653893,1668613321.111378
00c8aae385389f159752b62e58288f9dc0bb7549dabc19d2c159d3b453ca9a6c,jazz,0.0005948334599652,1668613321.1114163
00c8aae385389f159752b62e58288f9dc0bb7549dabc19d2c159d3b453ca9a6c,latin,0.0029157128616948,1668613321.111455
00c8aae385389f159752b62e58288f9dc0bb7549dabc19d2c159d3b453ca9a6c,new-age,0.0068594236747461,1668613321.1114917
00c8aae385389f159752b62e58288f9dc0bb7549dabc19d2c159d3b453ca9a6c,pop-rock,0.0034233948105173,1668613321.11153
00c8aae385389f159752b62e58288f9dc0bb7549dabc19d2c159d3b453ca9a6c,rap,0.0016841951933949,1668613321.111567
00c8aae385389f159752b62e58288f9dc0bb7549dabc19d2c159d3b453ca9a6c,reggae,0.0002388135042816,1668613321.1116028
00c8aae385389f159752b62e58288f9dc0bb7549dabc19d2c159d3b453ca9a6c,rnb,0.0018750132306373,1668613321.1116395
bfb2461004f052e23d6f82bc116b7ec4f2c507e6f411a0283b9a18bc933a0ec7,avant-garde,0.0003561902725927,1668623331.480539
bfb2461004f052e23d6f82bc116b7ec4f2c507e6f411a0283b9a18bc933a0ec7,blues,0.0002597540880599,1668623331.4806485
bfb2461004f052e23d6f82bc116b7ec4f2c507e6f411a0283b9a18bc933a0ec7,classical,0.0001466761291569,1668623331.4806826
bfb2461004f052e23d6f82bc116b7ec4f2c507e6f411a0283b9a18bc933a0ec7,country,0.0002775106772358,1668623331.4807155
bfb2461004f052e23d6f82bc116b7ec4f2c507e6f411a0283b9a18bc933a0ec7,electronic,0.0007759749790127,1668623331.480742
bfb2461004f052e23d6f82bc116b7ec4f2c507e6f411a0283b9a18bc933a0ec7,folk,0.0006085744569882,1668623331.480768
bfb2461004f052e23d6f82bc116b7ec4f2c507e6f411a0283b9a18bc933a0ec7,jazz,0.0004336635288674,1668623331.4807954
bfb2461004f052e23d6f82bc116b7ec4f2c507e6f411a0283b9a18bc933a0ec7,latin,0.0012052561803048,1668623331.4808223
bfb2461004f052e23d6f82bc116b7ec4f2c507e6f411a0283b9a18bc933a0ec7,new-age,0.014162590568685,1668623331.4808493
bfb2461004f052e23d6f82bc116b7ec4f2c507e6f411a0283b9a18bc933a0ec7,pop-rock,0.001193808053452,1668623331.4808743
bfb2461004f052e23d6f82bc116b7ec4f2c507e6f411a0283b9a18bc933a0ec7,rap,0.0006968938143775,1668623331.480902
bfb2461004f052e23d6f82bc116b7ec4f2c507e6f411a0283b9a18bc933a0ec7,reggae,8.70808979205e-05,1668623331.480927
bfb2461004f052e23d6f82bc116b7ec4f2c507e6f411a0283b9a18bc933a0ec7,rnb,0.0009179354809044,1668623331.4809504
484db6b3bb2f96ba53652ed8237223ae85a1a984f3de3b455ec50c6b81479fdf,avant-garde,0.0005813836676209,1668678290.5465434
484db6b3bb2f96ba53652ed8237223ae85a1a984f3de3b455ec50c6b81479fdf,blues,0.0005645087301234,1668678290.5466304
484db6b3bb2f96ba53652ed8237223ae85a1a984f3de3b455ec50c6b81479fdf,classical,0.0001174895664444,1668678290.5466585
484db6b3bb2f96ba53652ed8237223ae85a1a984f3de3b455ec50c6b81479fdf,country,0.0003896977653684,1668678290.5466838
484db6b3bb2f96ba53652ed8237223ae85a1a984f3de3b455ec50c6b81479fdf,electronic,0.0017393608007252,1668678290.546708
484db6b3bb2f96ba53652ed8237223ae85a1a984f3de3b455ec50c6b81479fdf,folk,0.0007681916661316,1668678290.5467308
484db6b3bb2f96ba53652ed8237223ae85a1a984f3de3b455ec50c6b81479fdf,jazz,0.000647612380588,1668678290.546754
484db6b3bb2f96ba53652ed8237223ae85a1a984f3de3b455ec50c6b81479fdf,latin,0.003242222970568,1668678290.5467763
484db6b3bb2f96ba53652ed8237223ae85a1a984f3de3b455ec50c6b81479fdf,new-age,0.0004236721590744,1668678290.5467982
484db6b3bb2f96ba53652ed8237223ae85a1a984f3de3b455ec50c6b81479fdf,pop-rock,0.0015158014372129,1668678290.5468204
484db6b3bb2f96ba53652ed8237223ae85a1a984f3de3b455ec50c6b81479fdf,rap,0.0158634921507397,1668678290.546845
484db6b3bb2f96ba53652ed8237223ae85a1a984f3de3b455ec50c6b81479fdf,reggae,0.0002460052577274,1668678290.546868
484db6b3bb2f96ba53652ed8237223ae85a1a984f3de3b455ec50c6b81479fdf,rnb,0.0044425466016714,1668678290.5468907
a9bc8e9bfd239ea53a2d9eab4fdbbedc703ab7be585d2cf3626d8c9ceda7df35,avant-garde,0.0012065562791239,1668678566.3936615
a9bc8e9bfd239ea53a2d9eab4fdbbedc703ab7be585d2cf3626d8c9ceda7df35,blues,0.0010134988755565,1668678566.3937452
a9bc8e9bfd239ea53a2d9eab4fdbbedc703ab7be585d2cf3626d8c9ceda7df35,classical,0.0002132961572784,1668678566.3937824
a9bc8e9bfd239ea53a2d9eab4fdbbedc703ab7be585d2cf3626d8c9ceda7df35,country,0.0008668249717032,1668678566.3938296
a9bc8e9bfd239ea53a2d9eab4fdbbedc703ab7be585d2cf3626d8c9ceda7df35,electronic,0.0033903120964195,1668678566.3938632
a9bc8e9bfd239ea53a2d9eab4fdbbedc703ab7be585d2cf3626d8c9ceda7df35,folk,0.0017991924331966,1668678566.393896
a9bc8e9bfd239ea53a2d9eab4fdbbedc703ab7be585d2cf3626d8c9ceda7df35,jazz,0.0010107221082409,1668678566.3939304
a9bc8e9bfd239ea53a2d9eab4fdbbedc703ab7be585d2cf3626d8c9ceda7df35,latin,0.0060687900883809,1668678566.393965
a9bc8e9bfd239ea53a2d9eab4fdbbedc703ab7be585d2cf3626d8c9ceda7df35,new-age,0.0009729615064071,1668678566.3940015
a9bc8e9bfd239ea53a2d9eab4fdbbedc703ab7be585d2cf3626d8c9ceda7df35,pop-rock,0.0043474738072584,1668678566.3940368
a9bc8e9bfd239ea53a2d9eab4fdbbedc703ab7be585d2cf3626d8c9ceda7df35,rap,0.0047098775243793,1668678566.3940694
a9bc8e9bfd239ea53a2d9eab4fdbbedc703ab7be585d2cf3626d8c9ceda7df35,reggae,0.0003393580406206,1668678566.3941011
a9bc8e9bfd239ea53a2d9eab4fdbbedc703ab7be585d2cf3626d8c9ceda7df35,rnb,0.0036770510311995,1668678566.394137
6c8d3f983a66980e19449d899a47808b804a121e66a3e8decc8bbd056e82901e,avant-garde,0.0014768371995593,1668682448.5128846
6c8d3f983a66980e19449d899a47808b804a121e66a3e8decc8bbd056e82901e,blues,0.0012074027023831,1668682448.512967
6c8d3f983a66980e19449d899a47808b804a121e66a3e8decc8bbd056e82901e,classical,0.0004171396071777,1668682448.5129948
6c8d3f983a66980e19449d899a47808b804a121e66a3e8decc8bbd056e82901e,country,0.001628063218546,1668682448.513019
6c8d3f983a66980e19449d899a47808b804a121e66a3e8decc8bbd056e82901e,electronic,0.0029616149231785,1668682448.513042
6c8d3f983a66980e19449d899a47808b804a121e66a3e8decc8bbd056e82901e,folk,0.0034000050519636,1668682448.513064
6c8d3f983a66980e19449d899a47808b804a121e66a3e8decc8bbd056e82901e,jazz,0.0009290388989266,1668682448.5130856
6c8d3f983a66980e19449d899a47808b804a121e66a3e8decc8bbd056e82901e,latin,0.0039199378190111,1668682448.5131066
6c8d3f983a66980e19449d899a47808b804a121e66a3e8decc8bbd056e82901e,new-age,0.0010577571956174,1668682448.513128
6c8d3f983a66980e19449d899a47808b804a121e66a3e8decc8bbd056e82901e,pop-rock,0.0074691122358136,1668682448.5131478
6c8d3f983a66980e19449d899a47808b804a121e66a3e8decc8bbd056e82901e,rap,0.0022708306938824,1668682448.5131705
6c8d3f983a66980e19449d899a47808b804a121e66a3e8decc8bbd056e82901e,reggae,0.0003948955755241,1668682448.5131917
6c8d3f983a66980e19449d899a47808b804a121e66a3e8decc8bbd056e82901e,rnb,0.002720705258328,1668682448.5132115
098ce3cc8a3ca71c007f432b580e6f0ba0165062a88f2765df620501ee0bac5f,avant-garde,0.0008374870487593,1668685284.0984285
098ce3cc8a3ca71c007f432b580e6f0ba0165062a88f2765df620501ee0bac5f,blues,0.0005893779070212,1668685284.0985117
098ce3cc8a3ca71c007f432b580e6f0ba0165062a88f2765df620501ee0bac5f,classical,0.0001664420507683,1668685284.0985394
098ce3cc8a3ca71c007f432b580e6f0ba0165062a88f2765df620501ee0bac5f,country,0.0006174174684177,1668685284.0985644
098ce3cc8a3ca71c007f432b580e6f0ba0165062a88f2765df620501ee0bac5f,electronic,0.0046425593357937,1668685284.0985868
098ce3cc8a3ca71c007f432b580e6f0ba0165062a88f2765df620501ee0bac5f,folk,0.0012242946036118,1668685284.0986097
098ce3cc8a3ca71c007f432b580e6f0ba0165062a88f2765df620501ee0bac5f,jazz,0.0006133658989354,1668685284.0986314
098ce3cc8a3ca71c007f432b580e6f0ba0165062a88f2765df620501ee0bac5f,latin,0.0060690747185459,1668685284.098654
098ce3cc8a3ca71c007f432b580e6f0ba0165062a88f2765df620501ee0bac5f,new-age,0.0013798592793639,1668685284.0986755
098ce3cc8a3ca71c007f432b580e6f0ba0165062a88f2765df620501ee0bac5f,pop-rock,0.0024652038264249,1668685284.0986967
098ce3cc8a3ca71c007f432b580e6f0ba0165062a88f2765df620501ee0bac5f,rap,0.0034403687419017,1668685284.0987184
098ce3cc8a3ca71c007f432b580e6f0ba0165062a88f2765df620501ee0bac5f,reggae,0.0003209220879985,1668685284.0987482
098ce3cc8a3ca71c007f432b580e6f0ba0165062a88f2765df620501ee0bac5f,rnb,0.0030370671304926,1668685284.0987706
fc8ef674e488a7487a5aff9a162b98f27a52a6636652fd516b48cf23790bdf82,avant-garde,0.0012234571651295,1668707185.0432394
fc8ef674e488a7487a5aff9a162b98f27a52a6636652fd516b48cf23790bdf82,blues,0.0007339589157365,1668707185.0433412
fc8ef674e488a7487a5aff9a162b98f27a52a6636652fd516b48cf23790bdf82,classical,0.000249167732781,1668707185.0433705
fc8ef674e488a7487a5aff9a162b98f27a52a6636652fd516b48cf23790bdf82,country,0.0011214609309628,1668707185.0433996
fc8ef674e488a7487a5aff9a162b98f27a52a6636652fd516b48cf23790bdf82,electronic,0.0034551190710518,1668707185.043423
fc8ef674e488a7487a5aff9a162b98f27a52a6636652fd516b48cf23790bdf82,folk,0.0017816359883384,1668707185.043447
fc8ef674e488a7487a5aff9a162b98f27a52a6636652fd516b48cf23790bdf82,jazz,0.0009879133546613,1668707185.0434697
fc8ef674e488a7487a5aff9a162b98f27a52a6636652fd516b48cf23790bdf82,latin,0.0058453834406188,1668707185.043492
fc8ef674e488a7487a5aff9a162b98f27a52a6636652fd516b48cf23790bdf82,new-age,0.0009725274660555,1668707185.0435147
fc8ef674e488a7487a5aff9a162b98f27a52a6636652fd516b48cf23790bdf82,pop-rock,0.0033162460783289,1668707185.0435371
fc8ef674e488a7487a5aff9a162b98f27a52a6636652fd516b48cf23790bdf82,rap,0.0034956720953352,1668707185.0435607
fc8ef674e488a7487a5aff9a162b98f27a52a6636652fd516b48cf23790bdf82,reggae,0.0003451621716103,1668707185.0435836
fc8ef674e488a7487a5aff9a162b98f27a52a6636652fd516b48cf23790bdf82,rnb,0.0032466472375564,1668707185.0436063
a12f83139fe1d776e34be75ff667d0b5644d74ae0cbc35e094acd5e8029240ea,avant-garde,0.0016858735916438,1668712243.0933473
a12f83139fe1d776e34be75ff667d0b5644d74ae0cbc35e094acd5e8029240ea,blues,0.0017174638428548,1668712243.0934467
a12f83139fe1d776e34be75ff667d0b5644d74ae0cbc35e094acd5e8029240ea,classical,0.0002170016044574,1668712243.093476
a12f83139fe1d776e34be75ff667d0b5644d74ae0cbc35e094acd5e8029240ea,country,0.0014913996578577,1668712243.093501
a12f83139fe1d776e34be75ff667d0b5644d74ae0cbc35e094acd5e8029240ea,electronic,0.0015368880465951,1668712243.0935245
a12f83139fe1d776e34be75ff667d0b5644d74ae0cbc35e094acd5e8029240ea,folk,0.0033219572120772,1668712243.0935476
a12f83139fe1d776e34be75ff667d0b5644d74ae0cbc35e094acd5e8029240ea,jazz,0.0012694092586051,1668712243.0935705
a12f83139fe1d776e34be75ff667d0b5644d74ae0cbc35e094acd5e8029240ea,latin,0.0016594824709483,1668712243.0935948
a12f83139fe1d776e34be75ff667d0b5644d74ae0cbc35e094acd5e8029240ea,new-age,0.0011234645157462,1668712243.0936177
a12f83139fe1d776e34be75ff667d0b5644d74ae0cbc35e094acd5e8029240ea,pop-rock,0.0081892686100437,1668712243.09364
a12f83139fe1d776e34be75ff667d0b5644d74ae0cbc35e094acd5e8029240ea,rap,0.0097465554592271,1668712243.093664
a12f83139fe1d776e34be75ff667d0b5644d74ae0cbc35e094acd5e8029240ea,reggae,0.0009222568392816,1668712243.0936863
a12f83139fe1d776e34be75ff667d0b5644d74ae0cbc35e094acd5e8029240ea,rnb,0.0034548886650703,1668712243.093708
d024eed44522a98881b9e49b1fa0d64c62421411f47c2e6f608ec21eb468e92f,avant-garde,0.0024616430050819,1668714377.8476765
d024eed44522a98881b9e49b1fa0d64c62421411f47c2e6f608ec21eb468e92f,blues,0.0025615962318332,1668714377.847766
d024eed44522a98881b9e49b1fa0d64c62421411f47c2e6f608ec21eb468e92f,classical,0.0004358554170046,1668714377.8477943
d024eed44522a98881b9e49b1fa0d64c62421411f47c2e6f608ec21eb468e92f,country,0.0027210632725321,1668714377.847819
d024eed44522a98881b9e49b1fa0d64c62421411f47c2e6f608ec21eb468e92f,electronic,0.0013870712524502,1668714377.8478425
d024eed44522a98881b9e49b1fa0d64c62421411f47c2e6f608ec21eb468e92f,folk,0.0063104552239871,1668714377.8478656
d024eed44522a98881b9e49b1fa0d64c62421411f47c2e6f608ec21eb468e92f,jazz,0.0016965377270987,1668714377.8478885
d024eed44522a98881b9e49b1fa0d64c62421411f47c2e6f608ec21eb468e92f,latin,0.0012960041713946,1668714377.847911
d024eed44522a98881b9e49b1fa0d64c62421411f47c2e6f608ec21eb468e92f,new-age,0.001859858539668,1668714377.8479328
d024eed44522a98881b9e49b1fa0d64c62421411f47c2e6f608ec21eb468e92f,pop-rock,0.0133533529259089,1668714377.8479548
d024eed44522a98881b9e49b1fa0d64c62421411f47c2e6f608ec21eb468e92f,rap,0.0019582468765316,1668714377.847978
d024eed44522a98881b9e49b1fa0d64c62421411f47c2e6f608ec21eb468e92f,reggae,0.0003963860874966,1668714377.8479996
d024eed44522a98881b9e49b1fa0d64c62421411f47c2e6f608ec21eb468e92f,rnb,0.0027437522727375,1668714377.8480213
8637baa65e53b964df6936171b613cfa48d055b0372ef363192faf0650c8c0fa,avant-garde,0.0022640157338443,1668725100.2708576
8637baa65e53b964df6936171b613cfa48d055b0372ef363192faf0650c8c0fa,blues,0.0010894149576703,1668725100.2709556
8637baa65e53b964df6936171b613cfa48d055b0372ef363192faf0650c8c0fa,classical,0.0003619375038559,1668725100.2709844
8637baa65e53b964df6936171b613cfa48d055b0372ef363192faf0650c8c0fa,country,0.0015444887972709,1668725100.271011
8637baa65e53b964df6936171b613cfa48d055b0372ef363192faf0650c8c0fa,electronic,0.0022928433429671,1668725100.2710392
8637baa65e53b964df6936171b613cfa48d055b0372ef363192faf0650c8c0fa,folk,0.0032287902865323,1668725100.2710717
8637baa65e53b964df6936171b613cfa48d055b0372ef363192faf0650c8c0fa,jazz,0.0009482347495253,1668725100.2710955
8637baa65e53b964df6936171b613cfa48d055b0372ef363192faf0650c8c0fa,latin,0.0028343613711842,1668725100.2711186
8637baa65e53b964df6936171b613cfa48d055b0372ef363192faf0650c8c0fa,new-age,0.0015979524872116,1668725100.271141
8637baa65e53b964df6936171b613cfa48d055b0372ef363192faf0650c8c0fa,pop-rock,0.0068682553905927,1668725100.271165
8637baa65e53b964df6936171b613cfa48d055b0372ef363192faf0650c8c0fa,rap,0.0015796060466641,1668725100.2711897
8637baa65e53b964df6936171b613cfa48d055b0372ef363192faf0650c8c0fa,reggae,0.000656476782028,1668725100.2712126
8637baa65e53b964df6936171b613cfa48d055b0372ef363192faf0650c8c0fa,rnb,0.0020050175804863,1668725100.2712348
fa9a6b818acb7a2110861e5de9dc544f03b441e257bda92f87c8b2df958d1398,avant-garde,0.0013631304349322,1668725925.826263
fa9a6b818acb7a2110861e5de9dc544f03b441e257bda92f87c8b2df958d1398,blues,0.0013759205342686,1668725925.8263533
fa9a6b818acb7a2110861e5de9dc544f03b441e257bda92f87c8b2df958d1398,classical,0.0003178315776377,1668725925.826382
fa9a6b818acb7a2110861e5de9dc544f03b441e257bda92f87c8b2df958d1398,country,0.0013894809543245,1668725925.8264074
fa9a6b818acb7a2110861e5de9dc544f03b441e257bda92f87c8b2df958d1398,electronic,0.001942182666016,1668725925.826431
fa9a6b818acb7a2110861e5de9dc544f03b441e257bda92f87c8b2df958d1398,folk,0.0029789178475297,1668725925.8264537
fa9a6b818acb7a2110861e5de9dc544f03b441e257bda92f87c8b2df958d1398,jazz,0.0013027321412242,1668725925.8264766
fa9a6b818acb7a2110861e5de9dc544f03b441e257bda92f87c8b2df958d1398,latin,0.0059624741804016,1668725925.8264997
fa9a6b818acb7a2110861e5de9dc544f03b441e257bda92f87c8b2df958d1398,new-age,0.0009818554830305,1668725925.8265226
fa9a6b818acb7a2110861e5de9dc544f03b441e257bda92f87c8b2df958d1398,pop-rock,0.0064275303694742,1668725925.826545
fa9a6b818acb7a2110861e5de9dc544f03b441e257bda92f87c8b2df958d1398,rap,0.0029393982464113,1668725925.826568
fa9a6b818acb7a2110861e5de9dc544f03b441e257bda92f87c8b2df958d1398,reggae,0.0004990189226247,1668725925.82659
fa9a6b818acb7a2110861e5de9dc544f03b441e257bda92f87c8b2df958d1398,rnb,0.0039716012182437,1668725925.8266122
619ff00dd4c0207697ae29813504a2bf274947e72a46e5aaa8599f0fc20ef139,avant-garde,0.0012400887553276,1668726276.4794698
619ff00dd4c0207697ae29813504a2bf274947e72a46e5aaa8599f0fc20ef139,blues,0.0009463515701295,1668726276.4795637
619ff00dd4c0207697ae29813504a2bf274947e72a46e5aaa8599f0fc20ef139,classical,0.000334649742812,1668726276.479593
619ff00dd4c0207697ae29813504a2bf274947e72a46e5aaa8599f0fc20ef139,country,0.0010516394921347,1668726276.479629
619ff00dd4c0207697ae29813504a2bf274947e72a46e5aaa8599f0fc20ef139,electronic,0.0025271295806257,1668726276.4796536
619ff00dd4c0207697ae29813504a2bf274947e72a46e5aaa8599f0fc20ef139,folk,0.0021288070766518,1668726276.4796774
619ff00dd4c0207697ae29813504a2bf274947e72a46e5aaa8599f0fc20ef139,jazz,0.0007929301516416,1668726276.479701
619ff00dd4c0207697ae29813504a2bf274947e72a46e5aaa8599f0fc20ef139,latin,0.0065110678922755,1668726276.4797251
619ff00dd4c0207697ae29813504a2bf274947e72a46e5aaa8599f0fc20ef139,new-age,0.0008960006703905,1668726276.4797478
619ff00dd4c0207697ae29813504a2bf274947e72a46e5aaa8599f0fc20ef139,pop-rock,0.0045121493519299,1668726276.4797704
619ff00dd4c0207697ae29813504a2bf274947e72a46e5aaa8599f0fc20ef139,rap,0.0033056330994935,1668726276.4797945
619ff00dd4c0207697ae29813504a2bf274947e72a46e5aaa8599f0fc20ef139,reggae,0.0004538555016727,1668726276.4798174
619ff00dd4c0207697ae29813504a2bf274947e72a46e5aaa8599f0fc20ef139,rnb,0.0035727207916726,1668726276.4798396
907e47e4129d9a10a3059d4f8e654691194a70af9fcbc408b937c62112656a1f,avant-garde,0.0018975084059605,1668732031.6592052
907e47e4129d9a10a3059d4f8e654691194a70af9fcbc408b937c62112656a1f,blues,0.0022427934495849,1668732031.6593263
907e47e4129d9a10a3059d4f8e654691194a70af9fcbc408b937c62112656a1f,classical,0.0002188913359369,1668732031.6594384
907e47e4129d9a10a3059d4f8e654691194a70af9fcbc408b937c62112656a1f,country,0.0016794637970812,1668732031.6594782
907e47e4129d9a10a3059d4f8e654691194a70af9fcbc408b937c62112656a1f,electronic,0.0013115101114479,1668732031.6595058
907e47e4129d9a10a3059d4f8e654691194a70af9fcbc408b937c62112656a1f,folk,0.0037330736680653,1668732031.6595306
907e47e4129d9a10a3059d4f8e654691194a70af9fcbc408b937c62112656a1f,jazz,0.0020725258137134,1668732031.6595566
907e47e4129d9a10a3059d4f8e654691194a70af9fcbc408b937c62112656a1f,latin,0.0009489993355089,1668732031.659583
907e47e4129d9a10a3059d4f8e654691194a70af9fcbc408b937c62112656a1f,new-age,0.0013558900161694,1668732031.659608
907e47e4129d9a10a3059d4f8e654691194a70af9fcbc408b937c62112656a1f,pop-rock,0.0103100247430308,1668732031.659631
907e47e4129d9a10a3059d4f8e654691194a70af9fcbc408b937c62112656a1f,rap,0.0044836732857534,1668732031.659657
907e47e4129d9a10a3059d4f8e654691194a70af9fcbc408b937c62112656a1f,reggae,0.0004611076816127,1668732031.6596818
907e47e4129d9a10a3059d4f8e654691194a70af9fcbc408b937c62112656a1f,rnb,0.0042233958755776,1668732031.659706
755ad5d4ec6b57c2104da88df2e983fe732701704d163a788e2dab3e94c48d5e,avant-garde,0.0007119229288321,1668733145.0247552
755ad5d4ec6b57c2104da88df2e983fe732701704d163a788e2dab3e94c48d5e,blues,0.0004031209708,1668733145.0248673
755ad5d4ec6b57c2104da88df2e983fe732701704d163a788e2dab3e94c48d5e,classical,0.0001891865425974,1668733145.0249064
755ad5d4ec6b57c2104da88df2e983fe732701704d163a788e2dab3e94c48d5e,country,0.0003732898588594,1668733145.024942
755ad5d4ec6b57c2104da88df2e983fe732701704d163a788e2dab3e94c48d5e,electronic,0.0049555388552399,1668733145.024977
755ad5d4ec6b57c2104da88df2e983fe732701704d163a788e2dab3e94c48d5e,folk,0.0007513241038479,1668733145.0250118
755ad5d4ec6b57c2104da88df2e983fe732701704d163a788e2dab3e94c48d5e,jazz,0.0005538946166882,1668733145.0250442
755ad5d4ec6b57c2104da88df2e983fe732701704d163a788e2dab3e94c48d5e,latin,0.0094099001613098,1668733145.0250793
755ad5d4ec6b57c2104da88df2e983fe732701704d163a788e2dab3e94c48d5e,new-age,0.0008219053997973,1668733145.025111
755ad5d4ec6b57c2104da88df2e983fe732701704d163a788e2dab3e94c48d5e,pop-rock,0.0015359455559177,1668733145.0251431
755ad5d4ec6b57c2104da88df2e983fe732701704d163a788e2dab3e94c48d5e,rap,0.0028351678245339,1668733145.0251777
755ad5d4ec6b57c2104da88df2e983fe732701704d163a788e2dab3e94c48d5e,reggae,0.0003109383030158,1668733145.02521
755ad5d4ec6b57c2104da88df2e983fe732701704d163a788e2dab3e94c48d5e,rnb,0.0023046381063827,1668733145.0252411
52d7d624aa9487bd1a3178b36570ecca27e2f39bfe0308402d7cb0babf6f84bb,avant-garde,0.0009552788389831,1668860162.195368
52d7d624aa9487bd1a3178b36570ecca27e2f39bfe0308402d7cb0babf6f84bb,blues,0.0008362431100655,1668860162.195477
52d7d624aa9487bd1a3178b36570ecca27e2f39bfe0308402d7cb0babf6f84bb,classical,0.0001870104269562,1668860162.1955085
52d7d624aa9487bd1a3178b36570ecca27e2f39bfe0308402d7cb0babf6f84bb,country,0.0013259002415194,1668860162.1955364
52d7d624aa9487bd1a3178b36570ecca27e2f39bfe0308402d7cb0babf6f84bb,electronic,0.0025711557498709,1668860162.1955626
52d7d624aa9487bd1a3178b36570ecca27e2f39bfe0308402d7cb0babf6f84bb,folk,0.0019514601143666,1668860162.1955872
52d7d624aa9487bd1a3178b36570ecca27e2f39bfe0308402d7cb0babf6f84bb,jazz,0.0007949161887527,1668860162.195612
52d7d624aa9487bd1a3178b36570ecca27e2f39bfe0308402d7cb0babf6f84bb,latin,0.0075157242943517,1668860162.1956372
52d7d624aa9487bd1a3178b36570ecca27e2f39bfe0308402d7cb0babf6f84bb,new-age,0.0007224643662942,1668860162.1956637
52d7d624aa9487bd1a3178b36570ecca27e2f39bfe0308402d7cb0babf6f84bb,pop-rock,0.0034541260681887,1668860162.1956863
52d7d624aa9487bd1a3178b36570ecca27e2f39bfe0308402d7cb0babf6f84bb,rap,0.004167415370489,1668860162.19573
52d7d624aa9487bd1a3178b36570ecca27e2f39bfe0308402d7cb0babf6f84bb,reggae,0.0004280089166616,1668860162.1957676
52d7d624aa9487bd1a3178b36570ecca27e2f39bfe0308402d7cb0babf6f84bb,rnb,0.0044576399802313,1668860162.195802
0c813872930654543e5ac7bf15e17159ee1f3f68298513e02d30d0a0d1b5a589,avant-garde,0.0008219100779922,1668953220.1968043
0c813872930654543e5ac7bf15e17159ee1f3f68298513e02d30d0a0d1b5a589,blues,0.0004646993820517,1668953220.1969414
0c813872930654543e5ac7bf15e17159ee1f3f68298513e02d30d0a0d1b5a589,classical,0.0001693595055285,1668953220.1969872
0c813872930654543e5ac7bf15e17159ee1f3f68298513e02d30d0a0d1b5a589,country,0.0004647263266237,1668953220.197028
0c813872930654543e5ac7bf15e17159ee1f3f68298513e02d30d0a0d1b5a589,electronic,0.0063746979070043,1668953220.1970673
0c813872930654543e5ac7bf15e17159ee1f3f68298513e02d30d0a0d1b5a589,folk,0.0009254690938938,1668953220.1971035
0c813872930654543e5ac7bf15e17159ee1f3f68298513e02d30d0a0d1b5a589,jazz,0.0005186702550607,1668953220.19714
0c813872930654543e5ac7bf15e17159ee1f3f68298513e02d30d0a0d1b5a589,latin,0.0048416677778121,1668953220.197176
0c813872930654543e5ac7bf15e17159ee1f3f68298513e02d30d0a0d1b5a589,new-age,0.0007141810737453,1668953220.1972125
0c813872930654543e5ac7bf15e17159ee1f3f68298513e02d30d0a0d1b5a589,pop-rock,0.0018586310470401,1668953220.197247
0c813872930654543e5ac7bf15e17159ee1f3f68298513e02d30d0a0d1b5a589,rap,0.0031574114630325,1668953220.1972835
0c813872930654543e5ac7bf15e17159ee1f3f68298513e02d30d0a0d1b5a589,reggae,0.0002823648815513,1668953220.19732
0c813872930654543e5ac7bf15e17159ee1f3f68298513e02d30d0a0d1b5a589,rnb,0.0024980749236784,1668953220.197354
9a56b76ebcc78e6344d0860dc4ba0586fbb59a390c95d3ca4e6c8e79388c7883,avant-garde,0.0013291721158283,1668976932.408218
9a56b76ebcc78e6344d0860dc4ba0586fbb59a390c95d3ca4e6c8e79388c7883,blues,0.0010172342510956,1668976932.4083238
9a56b76ebcc78e6344d0860dc4ba0586fbb59a390c95d3ca4e6c8e79388c7883,classical,0.0007889730757123,1668976932.408354
9a56b76ebcc78e6344d0860dc4ba0586fbb59a390c95d3ca4e6c8e79388c7883,country,0.0008782519311969,1668976932.4083798
9a56b76ebcc78e6344d0860dc4ba0586fbb59a390c95d3ca4e6c8e79388c7883,electronic,0.0037234756144563,1668976932.4084036
9a56b76ebcc78e6344d0860dc4ba0586fbb59a390c95d3ca4e6c8e79388c7883,folk,0.0018633461510856,1668976932.4084284
9a56b76ebcc78e6344d0860dc4ba0586fbb59a390c95d3ca4e6c8e79388c7883,jazz,0.0016741683474541,1668976932.4084525
9a56b76ebcc78e6344d0860dc4ba0586fbb59a390c95d3ca4e6c8e79388c7883,latin,0.0038836147341787,1668976932.408476
9a56b76ebcc78e6344d0860dc4ba0586fbb59a390c95d3ca4e6c8e79388c7883,new-age,0.0014625548988013,1668976932.4085004
9a56b76ebcc78e6344d0860dc4ba0586fbb59a390c95d3ca4e6c8e79388c7883,pop-rock,0.0034841727998331,1668976932.4085226
9a56b76ebcc78e6344d0860dc4ba0586fbb59a390c95d3ca4e6c8e79388c7883,rap,0.0027627898302382,1668976932.408547
9a56b76ebcc78e6344d0860dc4ba0586fbb59a390c95d3ca4e6c8e79388c7883,reggae,0.0005040318576791,1668976932.408569
9a56b76ebcc78e6344d0860dc4ba0586fbb59a390c95d3ca4e6c8e79388c7883,rnb,0.00282816570963,1668976932.4085915
